"1","2","1","Fri Jan 18 14:17:27 EST 2019","null"
"1","2","4","Fri Jan 18 14:17:27 EST 2019","null"
"4","2","2","Fri Jan 18 14:17:27 EST 2019","Bali"
"2","9","1","Fri Jan 18 14:17:27 EST 2019","null"
"3","9","1","Fri Jan 18 14:17:27 EST 2019","null"
"2","9","1","Fri Jan 18 14:17:27 EST 2019","null"
"3","9","1","Fri Jan 18 14:17:29 EST 2019","null"
"2","10","1","Fri Jan 18 14:17:31 EST 2019","null"
"3","10","1","Fri Jan 18 14:17:31 EST 2019","null"
"2","10","1","Fri Jan 18 14:17:31 EST 2019","null"
"3","10","1","Fri Jan 18 14:17:32 EST 2019","null"
"2","9","2","Fri Jan 18 14:17:33 EST 2019","null"
"2","11","1","Fri Jan 18 14:17:33 EST 2019","null"
"3","11","1","Fri Jan 18 14:17:33 EST 2019","null"
"2","11","1","Fri Jan 18 14:17:33 EST 2019","null"
"2","10","2","Fri Jan 18 14:17:33 EST 2019","null"
"2","12","1","Fri Jan 18 14:17:33 EST 2019","null"
"3","12","1","Fri Jan 18 14:17:33 EST 2019","null"
"2","12","1","Fri Jan 18 14:17:33 EST 2019","null"
"3","12","1","Fri Jan 18 14:17:33 EST 2019","null"
"2","11","2","Fri Jan 18 14:17:34 EST 2019","null"
"2","12","2","Fri Jan 18 14:17:34 EST 2019","null"
"2","13","1","Fri Jan 18 14:17:46 EST 2019","null"
"3","13","1","Fri Jan 18 14:17:46 EST 2019","null"
"2","13","1","Fri Jan 18 14:17:46 EST 2019","null"
"3","13","1","Fri Jan 18 14:17:47 EST 2019","null"
"2","14","1","Fri Jan 18 14:17:48 EST 2019","null"
"3","14","1","Fri Jan 18 14:17:48 EST 2019","null"
"2","14","1","Fri Jan 18 14:17:49 EST 2019","null"
"3","14","1","Fri Jan 18 14:17:49 EST 2019","null"
"2","13","2","Fri Jan 18 14:17:50 EST 2019","null"
"2","15","1","Fri Jan 18 14:17:50 EST 2019","null"
"3","15","1","Fri Jan 18 14:17:50 EST 2019","null"
"2","15","1","Fri Jan 18 14:17:50 EST 2019","null"
"3","15","1","Fri Jan 18 14:17:51 EST 2019","null"
"2","14","2","Fri Jan 18 14:17:52 EST 2019","null"
"2","16","1","Fri Jan 18 14:17:52 EST 2019","null"
"3","16","1","Fri Jan 18 14:17:52 EST 2019","null"
"2","16","1","Fri Jan 18 14:17:52 EST 2019","null"
"3","16","1","Fri Jan 18 14:17:53 EST 2019","null"
"2","15","2","Fri Jan 18 14:17:54 EST 2019","null"
"2","16","2","Fri Jan 18 14:17:57 EST 2019","null"
"4","2","2","Fri Jan 18 14:18:13 EST 2019","Bali"
"1","2","3","Fri Jan 18 14:18:22 EST 2019","null"
"1","2","2","Fri Jan 18 14:18:22 EST 2019","null"
"1","2","1","Fri Jan 18 14:18:59 EST 2019","null"
"1","2","4","Fri Jan 18 14:18:59 EST 2019","null"
"1","2","3","Fri Jan 18 14:19:02 EST 2019","null"
"1","2","2","Fri Jan 18 14:19:02 EST 2019","null"
"4","0","1","Fri Jan 18 14:19:06 EST 2019","com.google.android.apps.photos"
"4","-1","1","Fri Jan 18 14:19:06 EST 2019","com.google.android.apps.photos"
"4","-1","3","Fri Jan 18 14:20:48 EST 2019","Bali"
"4","-1","3","Fri Jan 18 14:21:06 EST 2019","Bali"
"4","-1","3","Fri Jan 18 14:22:06 EST 2019","Bali"
"4","-1","3","Fri Jan 18 14:23:14 EST 2019","Bali"
"4","-1","3","Fri Jan 18 14:24:48 EST 2019","Bali"
"4","-1","3","Fri Jan 18 14:31:46 EST 2019","Bali"
"4","-1","3","Fri Jan 18 14:38:45 EST 2019","Bali"
"4","-1","3","Fri Jan 18 14:40:05 EST 2019","Bali"
"4","-1","3","Fri Jan 18 14:41:13 EST 2019","Bali"
"4","-1","3","Fri Jan 18 14:42:45 EST 2019","Bali"
"4","-1","3","Fri Jan 18 14:43:48 EST 2019","Bali"
"4","-1","3","Fri Jan 18 14:45:55 EST 2019","Bali"
"1","46","1","Fri Jan 18 14:47:40 EST 2019","null"
"2","9","1","Fri Jan 18 14:47:40 EST 2019","null"
"3","9","1","Fri Jan 18 14:47:40 EST 2019","null"
"1","46","4","Fri Jan 18 14:47:40 EST 2019","null"
"2","9","1","Fri Jan 18 14:47:40 EST 2019","null"
"4","46","2","Fri Jan 18 14:47:41 EST 2019","Bali"
"3","9","1","Fri Jan 18 14:47:41 EST 2019","null"
"2","10","1","Fri Jan 18 14:47:42 EST 2019","null"
"3","10","1","Fri Jan 18 14:47:42 EST 2019","null"
"2","10","1","Fri Jan 18 14:47:42 EST 2019","null"
"3","10","1","Fri Jan 18 14:47:42 EST 2019","null"
"2","9","2","Fri Jan 18 14:47:42 EST 2019","null"
"2","11","1","Fri Jan 18 14:47:42 EST 2019","null"
"3","11","1","Fri Jan 18 14:47:42 EST 2019","null"
"2","11","1","Fri Jan 18 14:47:42 EST 2019","null"
"3","11","1","Fri Jan 18 14:47:43 EST 2019","null"
"2","10","2","Fri Jan 18 14:47:43 EST 2019","null"
"2","12","1","Fri Jan 18 14:47:43 EST 2019","null"
"3","12","1","Fri Jan 18 14:47:43 EST 2019","null"
"2","12","1","Fri Jan 18 14:47:43 EST 2019","null"
"3","12","1","Fri Jan 18 14:47:43 EST 2019","null"
"2","11","2","Fri Jan 18 14:47:44 EST 2019","null"
"2","12","2","Fri Jan 18 14:47:45 EST 2019","null"
"2","13","1","Fri Jan 18 14:47:46 EST 2019","null"
"3","13","1","Fri Jan 18 14:47:46 EST 2019","null"
"2","13","1","Fri Jan 18 14:47:46 EST 2019","null"
"3","13","1","Fri Jan 18 14:47:47 EST 2019","null"
"2","14","1","Fri Jan 18 14:47:47 EST 2019","null"
"3","14","1","Fri Jan 18 14:47:47 EST 2019","null"
"2","14","1","Fri Jan 18 14:47:47 EST 2019","null"
"2","13","2","Fri Jan 18 14:47:47 EST 2019","null"
"2","15","1","Fri Jan 18 14:47:47 EST 2019","null"
"3","15","1","Fri Jan 18 14:47:47 EST 2019","null"
"2","15","1","Fri Jan 18 14:47:47 EST 2019","null"
"3","15","1","Fri Jan 18 14:47:47 EST 2019","null"
"2","14","2","Fri Jan 18 14:47:47 EST 2019","null"
"2","16","1","Fri Jan 18 14:47:47 EST 2019","null"
"3","16","1","Fri Jan 18 14:47:47 EST 2019","null"
"2","16","1","Fri Jan 18 14:47:47 EST 2019","null"
"2","15","2","Fri Jan 18 14:47:48 EST 2019","null"
"2","16","2","Fri Jan 18 14:47:49 EST 2019","null"
"4","46","2","Fri Jan 18 14:47:51 EST 2019","Bali"
"1","46","3","Fri Jan 18 14:47:51 EST 2019","null"
"1","46","2","Fri Jan 18 14:47:51 EST 2019","null"
"1","56","1","Fri Jan 18 14:48:18 EST 2019","null"
"2","448","1","Fri Jan 18 14:48:18 EST 2019","null"
"3","134","1","Fri Jan 18 14:48:18 EST 2019","null"
"1","56","4","Fri Jan 18 14:48:18 EST 2019","null"
"2","448","1","Fri Jan 18 14:48:18 EST 2019","null"
"4","56","2","Fri Jan 18 14:48:18 EST 2019","Bali"
"3","744","1","Fri Jan 18 14:48:18 EST 2019","null"
"2","449","1","Fri Jan 18 14:48:19 EST 2019","null"
"3","135","1","Fri Jan 18 14:48:19 EST 2019","null"
"2","449","1","Fri Jan 18 14:48:19 EST 2019","null"
"3","738","1","Fri Jan 18 14:48:20 EST 2019","null"
"2","448","2","Fri Jan 18 14:48:21 EST 2019","null"
"2","450","1","Fri Jan 18 14:48:21 EST 2019","null"
"3","136","1","Fri Jan 18 14:48:21 EST 2019","null"
"2","450","1","Fri Jan 18 14:48:21 EST 2019","null"
"3","745","1","Fri Jan 18 14:48:21 EST 2019","null"
"2","449","2","Fri Jan 18 14:48:22 EST 2019","null"
"2","451","1","Fri Jan 18 14:48:22 EST 2019","null"
"3","134","1","Fri Jan 18 14:48:22 EST 2019","null"
"2","451","1","Fri Jan 18 14:48:22 EST 2019","null"
"3","742","1","Fri Jan 18 14:48:22 EST 2019","null"
"2","450","2","Fri Jan 18 14:48:23 EST 2019","null"
"2","451","2","Fri Jan 18 14:48:24 EST 2019","null"
"2","452","1","Fri Jan 18 14:48:26 EST 2019","null"
"3","135","1","Fri Jan 18 14:48:26 EST 2019","null"
"2","452","1","Fri Jan 18 14:48:26 EST 2019","null"
"3","738","1","Fri Jan 18 14:48:26 EST 2019","null"
"2","453","1","Fri Jan 18 14:48:27 EST 2019","null"
"3","136","1","Fri Jan 18 14:48:27 EST 2019","null"
"2","453","1","Fri Jan 18 14:48:27 EST 2019","null"
"3","745","1","Fri Jan 18 14:48:27 EST 2019","null"
"2","452","2","Fri Jan 18 14:48:27 EST 2019","null"
"2","454","1","Fri Jan 18 14:48:27 EST 2019","null"
"3","134","1","Fri Jan 18 14:48:27 EST 2019","null"
"2","454","1","Fri Jan 18 14:48:27 EST 2019","null"
"2","453","2","Fri Jan 18 14:48:27 EST 2019","null"
"2","455","1","Fri Jan 18 14:48:27 EST 2019","null"
"3","135","1","Fri Jan 18 14:48:27 EST 2019","null"
"2","455","1","Fri Jan 18 14:48:27 EST 2019","null"
"3","738","1","Fri Jan 18 14:48:27 EST 2019","null"
"2","454","2","Fri Jan 18 14:48:28 EST 2019","null"
"2","455","2","Fri Jan 18 14:48:28 EST 2019","null"
"2","456","1","Fri Jan 18 14:48:32 EST 2019","null"
"3","136","1","Fri Jan 18 14:48:32 EST 2019","null"
"2","456","1","Fri Jan 18 14:48:32 EST 2019","null"
"3","745","1","Fri Jan 18 14:48:32 EST 2019","null"
"4","56","2","Fri Jan 18 14:48:33 EST 2019","Bali"
"1","56","3","Fri Jan 18 14:48:33 EST 2019","null"
"1","56","2","Fri Jan 18 14:48:33 EST 2019","null"
"4","0","1","Fri Jan 18 14:48:38 EST 2019","org.godotengine.alphaworld"
"4","-1","1","Fri Jan 18 14:48:38 EST 2019","org.godotengine.alphaworld"
"2","456","2","Fri Jan 18 14:48:54 EST 2019","null"
"4","0","1","Fri Jan 18 15:06:22 EST 2019","story-catalogue"
"4","0","1","Fri Jan 18 15:06:26 EST 2019","story-catalogue"
"4","0","1","Fri Jan 18 15:06:26 EST 2019","story-catalogue"
"4","0","1","Fri Jan 18 15:06:27 EST 2019","story-catalogue"
"4","0","1","Fri Jan 18 15:06:28 EST 2019","story-catalogue"
"4","0","1","Fri Jan 18 15:06:29 EST 2019","story-catalogue"
"4","0","1","Fri Jan 18 15:06:33 EST 2019","story"
"1","64","1","Fri Jan 18 15:07:52 EST 2019","null"
"2","544","1","Fri Jan 18 15:07:52 EST 2019","null"
"3","166","1","Fri Jan 18 15:07:52 EST 2019","null"
"1","64","4","Fri Jan 18 15:07:52 EST 2019","null"
"2","544","1","Fri Jan 18 15:07:53 EST 2019","null"
"3","445","1","Fri Jan 18 15:07:54 EST 2019","null"
"2","545","1","Fri Jan 18 15:07:54 EST 2019","null"
"3","167","1","Fri Jan 18 15:07:54 EST 2019","null"
"2","545","1","Fri Jan 18 15:07:55 EST 2019","null"
"2","544","2","Fri Jan 18 15:07:56 EST 2019","null"
"2","546","1","Fri Jan 18 15:07:56 EST 2019","null"
"3","168","1","Fri Jan 18 15:07:56 EST 2019","null"
"2","546","1","Fri Jan 18 15:07:57 EST 2019","null"
"3","932","1","Fri Jan 18 15:07:57 EST 2019","null"
"2","545","2","Fri Jan 18 15:07:57 EST 2019","null"
"2","547","1","Fri Jan 18 15:07:57 EST 2019","null"
"3","166","1","Fri Jan 18 15:07:58 EST 2019","null"
"2","547","1","Fri Jan 18 15:07:58 EST 2019","null"
"2","546","2","Fri Jan 18 15:07:59 EST 2019","null"
"2","547","2","Fri Jan 18 15:07:59 EST 2019","null"
"4","64","2","Fri Jan 18 15:07:59 EST 2019","Bali"
"2","548","1","Fri Jan 18 15:07:59 EST 2019","null"
"3","167","1","Fri Jan 18 15:08:00 EST 2019","null"
"2","548","1","Fri Jan 18 15:08:00 EST 2019","null"
"2","549","1","Fri Jan 18 15:08:01 EST 2019","null"
"3","168","1","Fri Jan 18 15:08:01 EST 2019","null"
"2","549","1","Fri Jan 18 15:08:02 EST 2019","null"
"3","932","1","Fri Jan 18 15:08:02 EST 2019","null"
"2","548","2","Fri Jan 18 15:08:03 EST 2019","null"
"2","550","1","Fri Jan 18 15:08:03 EST 2019","null"
"3","166","1","Fri Jan 18 15:08:03 EST 2019","null"
"2","550","1","Fri Jan 18 15:08:04 EST 2019","null"
"3","445","1","Fri Jan 18 15:08:04 EST 2019","null"
"2","549","2","Fri Jan 18 15:08:05 EST 2019","null"
"2","551","1","Fri Jan 18 15:08:05 EST 2019","null"
"3","167","1","Fri Jan 18 15:08:06 EST 2019","null"
"2","551","1","Fri Jan 18 15:08:06 EST 2019","null"
"3","1168","1","Fri Jan 18 15:08:06 EST 2019","null"
"2","550","2","Fri Jan 18 15:08:06 EST 2019","null"
"2","551","2","Fri Jan 18 15:08:06 EST 2019","null"
"2","552","1","Fri Jan 18 15:08:06 EST 2019","null"
"3","168","1","Fri Jan 18 15:08:06 EST 2019","null"
"2","552","1","Fri Jan 18 15:08:07 EST 2019","null"
"1","64","3","Fri Jan 18 15:08:08 EST 2019","null"
"1","64","2","Fri Jan 18 15:08:08 EST 2019","null"
"4","64","2","Fri Jan 18 15:08:08 EST 2019","Bali"
"1","82","1","Fri Jan 18 15:08:10 EST 2019","null"
"2","619","1","Fri Jan 18 15:08:10 EST 2019","null"
"3","191","1","Fri Jan 18 15:08:10 EST 2019","null"
"1","82","4","Fri Jan 18 15:08:11 EST 2019","null"
"2","619","1","Fri Jan 18 15:08:12 EST 2019","null"
"3","1050","1","Fri Jan 18 15:08:12 EST 2019","null"
"2","620","1","Fri Jan 18 15:08:13 EST 2019","null"
"3","192","1","Fri Jan 18 15:08:13 EST 2019","null"
"2","620","1","Fri Jan 18 15:08:14 EST 2019","null"
"4","82","2","Fri Jan 18 15:08:14 EST 2019","Bali"
"3","1051","1","Fri Jan 18 15:08:14 EST 2019","null"
"2","619","2","Fri Jan 18 15:08:14 EST 2019","null"
"2","621","1","Fri Jan 18 15:08:15 EST 2019","null"
"3","193","1","Fri Jan 18 15:08:15 EST 2019","null"
"2","621","1","Fri Jan 18 15:08:16 EST 2019","null"
"2","620","2","Fri Jan 18 15:08:16 EST 2019","null"
"2","622","1","Fri Jan 18 15:08:16 EST 2019","null"
"3","194","1","Fri Jan 18 15:08:17 EST 2019","null"
"2","622","1","Fri Jan 18 15:08:18 EST 2019","null"
"3","1056","1","Fri Jan 18 15:08:18 EST 2019","null"
"2","621","2","Fri Jan 18 15:08:18 EST 2019","null"
"2","622","2","Fri Jan 18 15:08:18 EST 2019","null"
"2","623","1","Fri Jan 18 15:08:18 EST 2019","null"
"3","191","1","Fri Jan 18 15:08:18 EST 2019","null"
"2","623","1","Fri Jan 18 15:08:19 EST 2019","null"
"3","714","1","Fri Jan 18 15:08:19 EST 2019","null"
"2","624","1","Fri Jan 18 15:08:19 EST 2019","null"
"3","192","1","Fri Jan 18 15:08:19 EST 2019","null"
"2","624","1","Fri Jan 18 15:08:19 EST 2019","null"
"3","1051","1","Fri Jan 18 15:08:19 EST 2019","null"
"2","623","2","Fri Jan 18 15:08:19 EST 2019","null"
"2","625","1","Fri Jan 18 15:08:19 EST 2019","null"
"3","193","1","Fri Jan 18 15:08:19 EST 2019","null"
"2","625","1","Fri Jan 18 15:08:19 EST 2019","null"
"3","1053","1","Fri Jan 18 15:08:19 EST 2019","null"
"2","624","2","Fri Jan 18 15:08:19 EST 2019","null"
"2","626","1","Fri Jan 18 15:08:20 EST 2019","null"
"3","194","1","Fri Jan 18 15:08:20 EST 2019","null"
"2","626","1","Fri Jan 18 15:08:20 EST 2019","null"
"2","625","2","Fri Jan 18 15:08:20 EST 2019","null"
"2","626","2","Fri Jan 18 15:08:21 EST 2019","null"
"2","627","1","Fri Jan 18 15:08:22 EST 2019","null"
"3","191","1","Fri Jan 18 15:08:22 EST 2019","null"
"2","627","1","Fri Jan 18 15:08:22 EST 2019","null"
"3","1541","1","Fri Jan 18 15:08:22 EST 2019","null"
"2","628","1","Fri Jan 18 15:08:23 EST 2019","null"
"3","192","1","Fri Jan 18 15:08:23 EST 2019","null"
"2","628","1","Fri Jan 18 15:08:23 EST 2019","null"
"2","627","2","Fri Jan 18 15:08:23 EST 2019","null"
"2","629","1","Fri Jan 18 15:08:23 EST 2019","null"
"3","193","1","Fri Jan 18 15:08:23 EST 2019","null"
"2","629","1","Fri Jan 18 15:08:23 EST 2019","null"
"3","1432","1","Fri Jan 18 15:08:24 EST 2019","null"
"2","628","2","Fri Jan 18 15:08:24 EST 2019","null"
"2","630","1","Fri Jan 18 15:08:24 EST 2019","null"
"3","194","1","Fri Jan 18 15:08:24 EST 2019","null"
"2","630","1","Fri Jan 18 15:08:24 EST 2019","null"
"3","1054","1","Fri Jan 18 15:08:24 EST 2019","null"
"2","629","2","Fri Jan 18 15:08:24 EST 2019","null"
"2","630","2","Fri Jan 18 15:08:24 EST 2019","null"
"1","82","3","Fri Jan 18 15:08:27 EST 2019","null"
"4","82","2","Fri Jan 18 15:08:27 EST 2019","Bali"
"1","82","2","Fri Jan 18 15:08:28 EST 2019","null"
"4","0","1","Fri Jan 18 15:08:32 EST 2019","com.google.android.apps.photos"
"4","-1","1","Fri Jan 18 15:08:32 EST 2019","com.google.android.apps.photos"
"4","-1","3","Fri Jan 18 15:09:32 EST 2019","Bali"
"2","552","2","Fri Jan 18 15:11:17 EST 2019","null"
"4","-1","3","Fri Jan 18 15:11:18 EST 2019","Bali"
"4","-1","3","Fri Jan 18 15:13:51 EST 2019","Bali"
"4","-1","3","Fri Jan 18 15:14:55 EST 2019","Bali"
"4","-1","3","Fri Jan 18 15:16:18 EST 2019","Bali"
"4","-1","3","Fri Jan 18 15:17:39 EST 2019","Bali"
"4","-1","3","Fri Jan 18 15:18:43 EST 2019","Bali"
"1","86","1","Fri Jan 18 15:19:48 EST 2019","null"
"2","793","1","Fri Jan 18 15:19:49 EST 2019","null"
"3","249","1","Fri Jan 18 15:19:49 EST 2019","null"
"1","86","4","Fri Jan 18 15:19:49 EST 2019","null"
"2","793","1","Fri Jan 18 15:19:49 EST 2019","null"
"3","1200","1","Fri Jan 18 15:19:49 EST 2019","null"
"4","86","2","Fri Jan 18 15:19:49 EST 2019","Bali"
"2","794","1","Fri Jan 18 15:19:50 EST 2019","null"
"3","250","1","Fri Jan 18 15:19:50 EST 2019","null"
"2","794","1","Fri Jan 18 15:19:50 EST 2019","null"
"3","1203","1","Fri Jan 18 15:19:50 EST 2019","null"
"2","793","2","Fri Jan 18 15:19:50 EST 2019","null"
"2","795","1","Fri Jan 18 15:19:50 EST 2019","null"
"3","251","1","Fri Jan 18 15:19:50 EST 2019","null"
"2","795","1","Fri Jan 18 15:19:51 EST 2019","null"
"3","1205","1","Fri Jan 18 15:19:51 EST 2019","null"
"2","794","2","Fri Jan 18 15:19:51 EST 2019","null"
"2","796","1","Fri Jan 18 15:19:51 EST 2019","null"
"3","249","1","Fri Jan 18 15:19:51 EST 2019","null"
"2","796","1","Fri Jan 18 15:19:52 EST 2019","null"
"2","795","2","Fri Jan 18 15:19:52 EST 2019","null"
"1","86","3","Fri Jan 18 15:19:53 EST 2019","null"
"1","86","2","Fri Jan 18 15:19:53 EST 2019","null"
"2","796","2","Fri Jan 18 15:19:54 EST 2019","null"
"1","86","1","Fri Jan 18 15:19:56 EST 2019","null"
"2","829","1","Fri Jan 18 15:19:56 EST 2019","null"
"3","261","1","Fri Jan 18 15:19:56 EST 2019","null"
"2","830","1","Fri Jan 18 15:19:56 EST 2019","null"
"3","262","1","Fri Jan 18 15:19:56 EST 2019","null"
"1","86","4","Fri Jan 18 15:19:56 EST 2019","null"
"2","829","1","Fri Jan 18 15:19:57 EST 2019","null"
"2","830","1","Fri Jan 18 15:19:58 EST 2019","null"
"4","86","2","Fri Jan 18 15:19:58 EST 2019","Bali"
"3","1231","1","Fri Jan 18 15:20:03 EST 2019","null"
"2","829","2","Fri Jan 18 15:20:04 EST 2019","null"
"2","831","1","Fri Jan 18 15:20:04 EST 2019","null"
"3","263","1","Fri Jan 18 15:20:04 EST 2019","null"
"2","831","1","Fri Jan 18 15:20:05 EST 2019","null"
"3","1231","1","Fri Jan 18 15:20:06 EST 2019","null"
"2","830","2","Fri Jan 18 15:20:06 EST 2019","null"
"2","832","1","Fri Jan 18 15:20:06 EST 2019","null"
"3","261","1","Fri Jan 18 15:20:07 EST 2019","null"
"2","832","1","Fri Jan 18 15:20:08 EST 2019","null"
"2","831","2","Fri Jan 18 15:20:08 EST 2019","null"
"2","832","2","Fri Jan 18 15:20:08 EST 2019","null"
"2","833","1","Fri Jan 18 15:20:09 EST 2019","null"
"3","262","1","Fri Jan 18 15:20:10 EST 2019","null"
"2","833","1","Fri Jan 18 15:20:11 EST 2019","null"
"2","834","1","Fri Jan 18 15:20:11 EST 2019","null"
"3","263","1","Fri Jan 18 15:20:11 EST 2019","null"
"2","834","1","Fri Jan 18 15:20:11 EST 2019","null"
"3","1231","1","Fri Jan 18 15:20:11 EST 2019","null"
"2","833","2","Fri Jan 18 15:20:11 EST 2019","null"
"2","835","1","Fri Jan 18 15:20:11 EST 2019","null"
"3","261","1","Fri Jan 18 15:20:12 EST 2019","null"
"2","835","1","Fri Jan 18 15:20:12 EST 2019","null"
"2","834","2","Fri Jan 18 15:20:12 EST 2019","null"
"2","836","1","Fri Jan 18 15:20:12 EST 2019","null"
"3","262","1","Fri Jan 18 15:20:12 EST 2019","null"
"2","836","1","Fri Jan 18 15:20:13 EST 2019","null"
"3","1229","1","Fri Jan 18 15:20:13 EST 2019","null"
"2","835","2","Fri Jan 18 15:20:14 EST 2019","null"
"2","836","2","Fri Jan 18 15:20:14 EST 2019","null"
"2","837","1","Fri Jan 18 15:20:20 EST 2019","null"
"3","263","1","Fri Jan 18 15:20:20 EST 2019","null"
"2","837","1","Fri Jan 18 15:20:21 EST 2019","null"
"3","1231","1","Fri Jan 18 15:20:22 EST 2019","null"
"2","837","2","Fri Jan 18 15:20:22 EST 2019","null"
"1","90","1","Fri Jan 18 15:31:21 EST 2019","null"
"1","90","4","Fri Jan 18 15:31:21 EST 2019","null"
"4","90","2","Fri Jan 18 15:31:21 EST 2019","Bali"
"2","868","1","Fri Jan 18 15:31:21 EST 2019","null"
"3","274","1","Fri Jan 18 15:31:21 EST 2019","null"
"2","868","1","Fri Jan 18 15:31:22 EST 2019","null"
"2","869","1","Fri Jan 18 15:31:22 EST 2019","null"
"3","275","1","Fri Jan 18 15:31:22 EST 2019","null"
"2","869","1","Fri Jan 18 15:31:22 EST 2019","null"
"3","1044","1","Fri Jan 18 15:31:22 EST 2019","null"
"2","868","2","Fri Jan 18 15:31:22 EST 2019","null"
"2","870","1","Fri Jan 18 15:31:22 EST 2019","null"
"3","276","1","Fri Jan 18 15:31:22 EST 2019","null"
"2","870","1","Fri Jan 18 15:31:23 EST 2019","null"
"2","869","2","Fri Jan 18 15:31:23 EST 2019","null"
"2","871","1","Fri Jan 18 15:31:23 EST 2019","null"
"3","274","1","Fri Jan 18 15:31:23 EST 2019","null"
"2","871","1","Fri Jan 18 15:31:23 EST 2019","null"
"3","834","1","Fri Jan 18 15:31:23 EST 2019","null"
"2","870","2","Fri Jan 18 15:31:23 EST 2019","null"
"2","871","2","Fri Jan 18 15:31:23 EST 2019","null"
"2","872","1","Fri Jan 18 15:31:27 EST 2019","null"
"3","275","1","Fri Jan 18 15:31:28 EST 2019","null"
"2","872","1","Fri Jan 18 15:31:28 EST 2019","null"
"2","873","1","Fri Jan 18 15:31:28 EST 2019","null"
"3","276","1","Fri Jan 18 15:31:28 EST 2019","null"
"2","873","1","Fri Jan 18 15:31:28 EST 2019","null"
"3","1275","1","Fri Jan 18 15:31:28 EST 2019","null"
"2","872","2","Fri Jan 18 15:31:43 EST 2019","null"
"2","874","1","Fri Jan 18 15:31:43 EST 2019","null"
"3","274","1","Fri Jan 18 15:31:43 EST 2019","null"
"2","874","1","Fri Jan 18 15:31:44 EST 2019","null"
"2","873","2","Fri Jan 18 15:31:44 EST 2019","null"
"2","875","1","Fri Jan 18 15:31:44 EST 2019","null"
"3","275","1","Fri Jan 18 15:31:44 EST 2019","null"
"2","875","1","Fri Jan 18 15:31:44 EST 2019","null"
"3","1044","1","Fri Jan 18 15:31:44 EST 2019","null"
"2","874","2","Fri Jan 18 15:31:44 EST 2019","null"
"2","875","2","Fri Jan 18 15:31:46 EST 2019","null"
"2","876","1","Fri Jan 18 15:31:49 EST 2019","null"
"3","276","1","Fri Jan 18 15:31:49 EST 2019","null"
"2","876","1","Fri Jan 18 15:31:49 EST 2019","null"
"3","1273","1","Fri Jan 18 15:31:49 EST 2019","null"
"1","90","3","Fri Jan 18 15:31:51 EST 2019","null"
"1","90","2","Fri Jan 18 15:31:51 EST 2019","null"
"4","90","2","Fri Jan 18 15:31:51 EST 2019","Bali"
"4","0","1","Fri Jan 18 15:34:06 EST 2019","com.google.android.GoogleCamera"
"4","-1","1","Fri Jan 18 15:34:07 EST 2019","com.google.android.GoogleCamera"
"4","-1","3","Fri Jan 18 15:35:14 EST 2019","Bali"
"2","876","2","Fri Jan 18 15:35:31 EST 2019","null"
"4","-1","3","Fri Jan 18 17:19:22 EST 2019","Bali"
"4","-1","3","Fri Jan 18 17:20:27 EST 2019","Bali"
"4","-1","3","Fri Jan 18 17:22:04 EST 2019","Bali"
"4","-1","3","Fri Jan 18 17:23:24 EST 2019","Bali"
"4","0","1","Fri Jan 18 17:25:18 EST 2019","story-catalogue"
"4","0","1","Fri Jan 18 17:25:23 EST 2019","story"
"4","1","2","Fri Jan 18 17:29:56 EST 2019","storyId_6"
"4","0","1","Fri Jan 18 17:30:07 EST 2019","story"
"4","-1","3","Fri Jan 18 17:37:22 EST 2019","Bali"
"4","-1","3","Fri Jan 18 17:38:24 EST 2019","Bali"
"4","-1","3","Fri Jan 18 17:40:02 EST 2019","Bali"
"4","-1","3","Fri Jan 18 17:41:04 EST 2019","Bali"
"4","-1","3","Fri Jan 18 17:42:43 EST 2019","Bali"
"4","-1","3","Fri Jan 18 17:43:45 EST 2019","Bali"
"4","-1","3","Fri Jan 18 17:45:12 EST 2019","Bali"
"4","-1","3","Fri Jan 18 17:46:32 EST 2019","Bali"
"4","-1","3","Fri Jan 18 17:47:34 EST 2019","Bali"
"4","-1","3","Fri Jan 18 17:49:12 EST 2019","Bali"
"4","-1","3","Fri Jan 18 17:50:17 EST 2019","Bali"
"4","-1","3","Fri Jan 18 17:51:52 EST 2019","Bali"
"4","-1","3","Fri Jan 18 17:53:56 EST 2019","Bali"
"4","-1","3","Fri Jan 18 17:55:16 EST 2019","Bali"
"4","-1","3","Sat Jan 19 03:46:55 EST 2019","Bali"
"4","-1","3","Sat Jan 19 03:48:01 EST 2019","Bali"
"4","-1","3","Sat Jan 19 03:49:14 EST 2019","Bali"
"4","-1","3","Sat Jan 19 03:50:41 EST 2019","Bali"
"4","0","1","Sat Jan 19 03:51:50 EST 2019","story-catalogue"
"4","0","1","Sat Jan 19 03:52:00 EST 2019","story"
"4","1","2","Sat Jan 19 03:59:44 EST 2019","storyId_31"
"4","0","1","Sat Jan 19 04:00:04 EST 2019","story"
"4","1","2","Sat Jan 19 04:07:12 EST 2019","storyId_11"
"4","0","1","Sat Jan 19 04:07:36 EST 2019","story"
"4","0","1","Sat Jan 19 04:07:56 EST 2019","story"
"4","1","1","Sat Jan 19 04:10:05 EST 2019","decomone"
"4","1","1","Sat Jan 19 04:10:06 EST 2019","decomone"
"4","1","1","Sat Jan 19 04:10:06 EST 2019","decomone"
"4","1","1","Sat Jan 19 04:10:06 EST 2019","decomone"
"4","1","1","Sat Jan 19 04:10:16 EST 2019","decomone"
"4","1","1","Sat Jan 19 04:10:36 EST 2019","cardraw"
"4","1","1","Sat Jan 19 04:10:36 EST 2019","cardraw"
"4","2","1","Sat Jan 19 04:11:39 EST 2019","cardraw"
"4","2","2","Sat Jan 19 04:12:08 EST 2019","cardraw"
"4","3","1","Sat Jan 19 04:12:15 EST 2019","cardraw"
"4","3","2","Sat Jan 19 04:12:30 EST 2019","cardraw"
"4","4","1","Sat Jan 19 04:12:39 EST 2019","cardraw"
"4","4","2","Sat Jan 19 04:12:54 EST 2019","cardraw"
"4","5","1","Sat Jan 19 04:13:07 EST 2019","cardraw"
"4","5","2","Sat Jan 19 04:13:32 EST 2019","cardraw"
"4","6","1","Sat Jan 19 04:13:39 EST 2019","cardraw"
"4","1","1","Sat Jan 19 04:14:05 EST 2019","Cross The Bridge"
"4","0","1","Sat Jan 19 05:01:38 EST 2019","story-catalogue"
"4","0","1","Sat Jan 19 05:01:49 EST 2019","story"
"4","1","1","Sat Jan 19 05:03:13 EST 2019","EndlessRunner"
"4","1","2","Sat Jan 19 05:07:38 EST 2019","EndlessRunner"
"4","2","1","Sat Jan 19 05:07:51 EST 2019","EndlessRunner"
"4","0","1","Sat Jan 19 05:11:51 EST 2019","story-catalogue"
"4","1","1","Sat Jan 19 05:12:13 EST 2019","decomone"
"4","1","1","Sat Jan 19 05:13:43 EST 2019","decomone"
"4","1","1","Sat Jan 19 05:14:53 EST 2019","decomone"
"4","1","1","Sat Jan 19 05:15:13 EST 2019","decomone"
"4","1","1","Sat Jan 19 05:15:45 EST 2019","decomone"
"4","1","1","Sat Jan 19 05:15:54 EST 2019","basiclettercase"
"4","1","2","Sat Jan 19 05:16:05 EST 2019","basiclettercase"
"4","2","1","Sat Jan 19 05:16:15 EST 2019","basiclettercase"
"4","2","2","Sat Jan 19 05:16:30 EST 2019","basiclettercase"
"4","3","1","Sat Jan 19 05:16:36 EST 2019","basiclettercase"
"4","3","2","Sat Jan 19 05:17:05 EST 2019","basiclettercase"
"4","4","1","Sat Jan 19 05:17:15 EST 2019","basiclettercase"
"4","4","2","Sat Jan 19 05:17:39 EST 2019","basiclettercase"
"4","5","1","Sat Jan 19 05:17:47 EST 2019","basiclettercase"
"4","5","2","Sat Jan 19 05:18:00 EST 2019","basiclettercase"
"4","6","1","Sat Jan 19 05:18:13 EST 2019","basiclettercase"
"4","6","2","Sat Jan 19 05:18:33 EST 2019","basiclettercase"
"4","7","1","Sat Jan 19 05:18:46 EST 2019","basiclettercase"
"4","7","2","Sat Jan 19 05:18:54 EST 2019","basiclettercase"
"4","8","1","Sat Jan 19 05:19:17 EST 2019","basiclettercase"
"4","8","2","Sat Jan 19 05:19:30 EST 2019","basiclettercase"
"4","9","1","Sat Jan 19 05:19:50 EST 2019","basiclettercase"
"4","-1","3","Sat Jan 19 05:21:38 EST 2019","Bali"
"4","-1","3","Sat Jan 19 05:22:58 EST 2019","Bali"
"4","-1","3","Sat Jan 19 05:23:38 EST 2019","Bali"
"4","-1","3","Sat Jan 19 05:24:38 EST 2019","Bali"
"4","-1","3","Sat Jan 19 05:25:38 EST 2019","Bali"
"4","-1","3","Sat Jan 19 05:26:38 EST 2019","Bali"
"4","-1","3","Sat Jan 19 05:28:18 EST 2019","Bali"
"4","-1","3","Sat Jan 19 05:28:38 EST 2019","Bali"
"4","-1","3","Sat Jan 19 05:29:38 EST 2019","Bali"
"4","-1","3","Sat Jan 19 05:30:41 EST 2019","Bali"
"4","-1","3","Sat Jan 19 05:32:01 EST 2019","Bali"
"4","-1","3","Sat Jan 19 05:32:38 EST 2019","Bali"
"4","0","1","Sat Jan 19 05:49:16 EST 2019","story-catalogue"
"4","0","1","Sat Jan 19 05:49:26 EST 2019","story"
"4","-1","3","Sat Jan 19 05:50:45 EST 2019","Bali"
"4","-1","3","Sat Jan 19 10:49:35 EST 2019","Bali"
"4","0","1","Sat Jan 19 10:49:54 EST 2019","com.google.android.GoogleCamera"
"4","-1","1","Sat Jan 19 10:49:54 EST 2019","com.google.android.GoogleCamera"
"4","-1","3","Sat Jan 19 10:50:57 EST 2019","Bali"
"4","1","1","Sat Jan 19 10:54:36 EST 2019","shoot"
"4","1","2","Sat Jan 19 10:55:16 EST 2019","shoot"
"4","2","1","Sat Jan 19 10:55:27 EST 2019","shoot"
"4","1","1","Sat Jan 19 10:55:50 EST 2019","jasmine"
"4","1","2","Sat Jan 19 10:56:12 EST 2019","jasmine"
"4","2","1","Sat Jan 19 10:56:22 EST 2019","jasmine"
"4","1","1","Sat Jan 19 10:56:52 EST 2019","jazz"
"4","1","2","Sat Jan 19 10:57:12 EST 2019","jazz"
"4","2","1","Sat Jan 19 10:57:22 EST 2019","jazz"
"4","1","1","Sat Jan 19 10:58:18 EST 2019","Line"
"4","1","2","Sat Jan 19 10:58:27 EST 2019","Line"
"4","2","1","Sat Jan 19 10:58:39 EST 2019","Line"
"4","2","2","Sat Jan 19 10:58:48 EST 2019","Line"
"4","3","1","Sat Jan 19 10:58:55 EST 2019","Line"
"4","1","1","Sat Jan 19 10:59:12 EST 2019","mathlearning"
"4","1","2","Sat Jan 19 11:00:12 EST 2019","mathlearning"
"4","2","1","Sat Jan 19 11:00:26 EST 2019","mathlearning"
"4","1","1","Sat Jan 19 11:00:33 EST 2019","BasicMultiplication"
"4","1","2","Sat Jan 19 11:01:01 EST 2019","BasicMultiplication"
"4","2","1","Sat Jan 19 11:01:12 EST 2019","BasicMultiplication"
"4","2","2","Sat Jan 19 11:01:50 EST 2019","BasicMultiplication"
"4","3","1","Sat Jan 19 11:02:01 EST 2019","BasicMultiplication"
"4","3","2","Sat Jan 19 11:02:35 EST 2019","BasicMultiplication"
"4","4","1","Sat Jan 19 11:02:42 EST 2019","BasicMultiplication"
"4","0","1","Sat Jan 19 11:02:52 EST 2019","com.google.android.calculator"
"4","-1","1","Sat Jan 19 11:02:52 EST 2019","com.google.android.calculator"
"4","-1","3","Sat Jan 19 11:04:36 EST 2019","Bali"
"4","-1","3","Sat Jan 19 11:04:52 EST 2019","Bali"
"4","-1","3","Sat Jan 19 11:07:16 EST 2019","Bali"
"4","-1","3","Sat Jan 19 11:07:48 EST 2019","Bali"
"4","-1","3","Sat Jan 19 11:08:48 EST 2019","Bali"
"4","-1","3","Sat Jan 19 11:09:48 EST 2019","Bali"
"4","-1","3","Sat Jan 19 11:11:21 EST 2019","Bali"
"4","-1","3","Sat Jan 19 11:11:48 EST 2019","Bali"
"4","-1","3","Sat Jan 19 11:12:48 EST 2019","Bali"
"4","-1","3","Sat Jan 19 11:13:48 EST 2019","Bali"
"4","-1","3","Sat Jan 19 11:14:48 EST 2019","Bali"
"4","-1","3","Sat Jan 19 11:15:48 EST 2019","Bali"
"4","-1","3","Sat Jan 19 11:16:48 EST 2019","Bali"
"4","-1","3","Sat Jan 19 11:17:48 EST 2019","Bali"
"4","-1","3","Sat Jan 19 11:18:49 EST 2019","Bali"
"4","-1","3","Sat Jan 19 11:19:48 EST 2019","Bali"
"4","-1","3","Sat Jan 19 11:31:58 EST 2019","Bali"
"4","-1","3","Sat Jan 19 11:33:34 EST 2019","Bali"
"4","-1","3","Sat Jan 19 11:35:14 EST 2019","Bali"
"1","24","1","Sat Jan 19 11:40:20 EST 2019","null"
"1","24","4","Sat Jan 19 11:40:20 EST 2019","null"
"4","24","2","Sat Jan 19 11:40:20 EST 2019","Bali"
"2","238","1","Sat Jan 19 11:40:20 EST 2019","null"
"3","64","1","Sat Jan 19 11:40:20 EST 2019","null"
"2","238","1","Sat Jan 19 11:40:20 EST 2019","null"
"3","516","1","Sat Jan 19 11:40:21 EST 2019","null"
"2","239","1","Sat Jan 19 11:40:31 EST 2019","null"
"3","65","1","Sat Jan 19 11:40:31 EST 2019","null"
"2","239","1","Sat Jan 19 11:40:31 EST 2019","null"
"3","524","1","Sat Jan 19 11:40:31 EST 2019","null"
"2","238","2","Sat Jan 19 11:40:32 EST 2019","null"
"2","240","1","Sat Jan 19 11:40:32 EST 2019","null"
"3","66","1","Sat Jan 19 11:40:32 EST 2019","null"
"2","240","1","Sat Jan 19 11:40:32 EST 2019","null"
"3","519","1","Sat Jan 19 11:40:32 EST 2019","null"
"2","239","2","Sat Jan 19 11:40:33 EST 2019","null"
"2","241","1","Sat Jan 19 11:40:33 EST 2019","null"
"3","67","1","Sat Jan 19 11:40:33 EST 2019","null"
"2","241","1","Sat Jan 19 11:40:33 EST 2019","null"
"3","522","1","Sat Jan 19 11:40:33 EST 2019","null"
"2","240","2","Sat Jan 19 11:40:34 EST 2019","null"
"1","24","3","Sat Jan 19 11:40:36 EST 2019","null"
"1","24","2","Sat Jan 19 11:40:36 EST 2019","null"
"4","-1","3","Sat Jan 19 11:41:37 EST 2019","Bali"
"2","241","2","Sat Jan 19 11:41:37 EST 2019","null"
"4","-1","3","Sat Jan 19 11:42:39 EST 2019","Bali"
"4","-1","3","Sat Jan 19 11:44:12 EST 2019","Bali"
"4","0","1","Sat Jan 19 11:45:11 EST 2019","story-catalogue"
"4","0","1","Sat Jan 19 11:45:36 EST 2019","camp"
"4","2","1","Sat Jan 19 11:46:23 EST 2019","decomone"
"4","2","1","Sat Jan 19 11:46:51 EST 2019","EndlessRunner"
"4","1","1","Sat Jan 19 11:50:09 EST 2019","book"
"4","1","1","Sat Jan 19 11:50:38 EST 2019","Alphamon Feed"
"4","2","1","Sat Jan 19 11:50:58 EST 2019","EndlessRunner"
"4","-1","3","Sat Jan 19 11:52:08 EST 2019","Bali"
"4","-1","3","Sat Jan 19 11:53:32 EST 2019","Bali"
"4","4","1","Sat Jan 19 11:54:17 EST 2019","cardraw"
"4","2","1","Sat Jan 19 11:56:52 EST 2019","jazz"
"4","1","1","Sat Jan 19 11:57:05 EST 2019","wembley"
"4","1","1","Sat Jan 19 11:57:32 EST 2019","chocolateFactory"
"4","1","2","Sat Jan 19 11:58:25 EST 2019","chocolateFactory"
"4","2","1","Sat Jan 19 11:58:47 EST 2019","chocolateFactory"
"4","2","2","Sat Jan 19 11:59:35 EST 2019","chocolateFactory"
"4","3","1","Sat Jan 19 11:59:45 EST 2019","chocolateFactory"
"4","1","1","Sat Jan 19 12:00:08 EST 2019","Units"
"4","1","1","Sat Jan 19 12:01:47 EST 2019","shop"
"4","0","1","Sat Jan 19 12:03:07 EST 2019","org.godotengine.alphaworld"
"4","-1","1","Sat Jan 19 12:03:07 EST 2019","org.godotengine.alphaworld"
"4","-1","3","Sat Jan 19 12:04:07 EST 2019","Bali"
"4","-1","3","Sat Jan 19 12:05:58 EST 2019","Bali"
"4","-1","3","Sat Jan 19 12:07:04 EST 2019","Bali"
"4","0","1","Sat Jan 19 12:42:13 EST 2019","story-catalogue"
"4","-1","3","Sat Jan 19 12:43:36 EST 2019","Bali"
"4","-1","3","Sat Jan 19 12:44:47 EST 2019","Bali"
"4","0","1","Sun Jan 20 09:48:53 EST 2019","story-catalogue"
"4","0","1","Sun Jan 20 09:48:58 EST 2019","story"
"4","1","2","Sun Jan 20 09:52:11 EST 2019","storyId_22"
"4","0","1","Sun Jan 20 09:52:27 EST 2019","story"
"4","1","2","Sun Jan 20 09:57:05 EST 2019","storyId_41"
"4","0","1","Sun Jan 20 09:57:16 EST 2019","story"
"4","1","2","Sun Jan 20 10:02:39 EST 2019","storyId_43"
"4","0","1","Sun Jan 20 10:02:51 EST 2019","story"
"4","1","2","Sun Jan 20 10:07:04 EST 2019","storyId_71"
"1","30","1","Sun Jan 20 11:19:35 EST 2019","null"
"1","30","4","Sun Jan 20 11:19:35 EST 2019","null"
"4","30","2","Sun Jan 20 11:19:35 EST 2019","Bali"
"2","295","1","Sun Jan 20 11:19:35 EST 2019","null"
"3","83","1","Sun Jan 20 11:19:35 EST 2019","null"
"2","295","1","Sun Jan 20 11:19:35 EST 2019","null"
"3","480","1","Sun Jan 20 11:19:36 EST 2019","null"
"2","296","1","Sun Jan 20 11:19:37 EST 2019","null"
"3","84","1","Sun Jan 20 11:19:37 EST 2019","null"
"2","296","1","Sun Jan 20 11:19:37 EST 2019","null"
"3","1348","1","Sun Jan 20 11:19:37 EST 2019","null"
"2","295","2","Sun Jan 20 11:19:37 EST 2019","null"
"2","297","1","Sun Jan 20 11:19:37 EST 2019","null"
"3","85","1","Sun Jan 20 11:19:37 EST 2019","null"
"2","297","1","Sun Jan 20 11:19:37 EST 2019","null"
"3","567","1","Sun Jan 20 11:19:37 EST 2019","null"
"2","296","2","Sun Jan 20 11:19:38 EST 2019","null"
"2","298","1","Sun Jan 20 11:19:38 EST 2019","null"
"3","86","1","Sun Jan 20 11:19:38 EST 2019","null"
"2","298","1","Sun Jan 20 11:19:38 EST 2019","null"
"3","566","1","Sun Jan 20 11:19:38 EST 2019","null"
"2","297","2","Sun Jan 20 11:19:38 EST 2019","null"
"2","298","2","Sun Jan 20 11:19:39 EST 2019","null"
"2","299","1","Sun Jan 20 11:19:40 EST 2019","null"
"3","83","1","Sun Jan 20 11:19:40 EST 2019","null"
"2","299","1","Sun Jan 20 11:19:40 EST 2019","null"
"3","480","1","Sun Jan 20 11:19:40 EST 2019","null"
"2","300","1","Sun Jan 20 11:19:41 EST 2019","null"
"3","84","1","Sun Jan 20 11:19:41 EST 2019","null"
"2","300","1","Sun Jan 20 11:19:41 EST 2019","null"
"3","1395","1","Sun Jan 20 11:19:41 EST 2019","null"
"2","299","2","Sun Jan 20 11:19:41 EST 2019","null"
"2","301","1","Sun Jan 20 11:19:42 EST 2019","null"
"3","85","1","Sun Jan 20 11:19:42 EST 2019","null"
"2","301","1","Sun Jan 20 11:19:42 EST 2019","null"
"3","568","1","Sun Jan 20 11:19:42 EST 2019","null"
"2","300","2","Sun Jan 20 11:19:42 EST 2019","null"
"2","302","1","Sun Jan 20 11:19:42 EST 2019","null"
"3","86","1","Sun Jan 20 11:19:42 EST 2019","null"
"2","302","1","Sun Jan 20 11:19:42 EST 2019","null"
"3","1280","1","Sun Jan 20 11:19:42 EST 2019","null"
"2","301","2","Sun Jan 20 11:19:43 EST 2019","null"
"2","302","2","Sun Jan 20 11:19:44 EST 2019","null"
"2","303","1","Sun Jan 20 11:19:46 EST 2019","null"
"3","83","1","Sun Jan 20 11:19:46 EST 2019","null"
"2","303","1","Sun Jan 20 11:19:46 EST 2019","null"
"2","304","1","Sun Jan 20 11:19:46 EST 2019","null"
"3","84","1","Sun Jan 20 11:19:46 EST 2019","null"
"2","304","1","Sun Jan 20 11:19:46 EST 2019","null"
"3","913","1","Sun Jan 20 11:19:47 EST 2019","null"
"2","303","2","Sun Jan 20 11:19:47 EST 2019","null"
"2","305","1","Sun Jan 20 11:19:47 EST 2019","null"
"3","85","1","Sun Jan 20 11:19:47 EST 2019","null"
"2","305","1","Sun Jan 20 11:19:47 EST 2019","null"
"2","304","2","Sun Jan 20 11:19:47 EST 2019","null"
"2","306","1","Sun Jan 20 11:19:47 EST 2019","null"
"3","86","1","Sun Jan 20 11:19:47 EST 2019","null"
"2","306","1","Sun Jan 20 11:19:47 EST 2019","null"
"3","566","1","Sun Jan 20 11:19:47 EST 2019","null"
"2","305","2","Sun Jan 20 11:19:48 EST 2019","null"
"2","306","2","Sun Jan 20 11:19:52 EST 2019","null"
"4","30","2","Sun Jan 20 11:19:54 EST 2019","Bali"
"1","30","3","Sun Jan 20 11:19:54 EST 2019","null"
"1","30","2","Sun Jan 20 11:19:54 EST 2019","null"
"4","-1","3","Sun Jan 20 11:20:59 EST 2019","Bali"
"1","30","1","Sun Jan 20 11:21:44 EST 2019","null"
"1","30","4","Sun Jan 20 11:21:44 EST 2019","null"
"1","30","3","Sun Jan 20 11:21:47 EST 2019","null"
"1","30","2","Sun Jan 20 11:21:47 EST 2019","null"
"4","0","1","Sun Jan 20 11:21:53 EST 2019","org.godotengine.alphajump"
"4","-1","1","Sun Jan 20 11:21:53 EST 2019","org.godotengine.alphajump"
"4","-1","3","Sun Jan 20 11:22:53 EST 2019","Bali"
"4","-1","3","Sun Jan 20 11:24:24 EST 2019","Bali"
"4","-1","3","Sun Jan 20 11:24:53 EST 2019","Bali"
"4","-1","3","Sun Jan 20 11:25:53 EST 2019","Bali"
"4","-1","3","Sun Jan 20 11:27:31 EST 2019","Bali"
"4","-1","3","Sun Jan 20 11:28:33 EST 2019","Bali"
"4","-1","3","Sun Jan 20 11:29:35 EST 2019","Bali"
"4","-1","3","Sun Jan 20 11:30:36 EST 2019","Bali"
"1","30","1","Sun Jan 20 12:01:48 EST 2019","null"
"1","30","4","Sun Jan 20 12:01:48 EST 2019","null"
"1","30","3","Sun Jan 20 12:01:58 EST 2019","null"
"1","30","2","Sun Jan 20 12:01:58 EST 2019","null"
"4","0","1","Sun Jan 20 12:02:26 EST 2019","story-catalogue"
"4","1","1","Sun Jan 20 12:02:41 EST 2019","drop"
"4","1","2","Sun Jan 20 12:02:47 EST 2019","drop"
"4","2","1","Sun Jan 20 12:02:57 EST 2019","drop"
"4","0","1","Sun Jan 20 12:03:06 EST 2019","com.google.android.calculator"
"4","-1","1","Sun Jan 20 12:03:06 EST 2019","com.google.android.calculator"
"4","-1","3","Sun Jan 20 12:04:06 EST 2019","Bali"
"4","-1","3","Sun Jan 20 12:05:42 EST 2019","Bali"
"4","-1","3","Sun Jan 20 12:06:44 EST 2019","Bali"
"4","-1","3","Sun Jan 20 12:07:47 EST 2019","Bali"
"4","-1","3","Sun Jan 20 12:17:44 EST 2019","Bali"
"4","-1","3","Sun Jan 20 12:18:46 EST 2019","Bali"
"1","66","1","Sun Jan 20 12:23:59 EST 2019","null"
"1","66","4","Sun Jan 20 12:23:59 EST 2019","null"
"4","66","2","Sun Jan 20 12:23:59 EST 2019","Bali"
"2","640","1","Sun Jan 20 12:23:59 EST 2019","null"
"3","198","1","Sun Jan 20 12:23:59 EST 2019","null"
"2","640","1","Sun Jan 20 12:23:59 EST 2019","null"
"3","1059","1","Sun Jan 20 12:23:59 EST 2019","null"
"2","641","1","Sun Jan 20 12:23:59 EST 2019","null"
"3","199","1","Sun Jan 20 12:23:59 EST 2019","null"
"2","641","1","Sun Jan 20 12:23:59 EST 2019","null"
"2","640","2","Sun Jan 20 12:24:00 EST 2019","null"
"2","642","1","Sun Jan 20 12:24:00 EST 2019","null"
"3","200","1","Sun Jan 20 12:24:00 EST 2019","null"
"2","642","1","Sun Jan 20 12:24:00 EST 2019","null"
"3","1067","1","Sun Jan 20 12:24:00 EST 2019","null"
"2","641","2","Sun Jan 20 12:24:00 EST 2019","null"
"2","643","1","Sun Jan 20 12:24:00 EST 2019","null"
"3","198","1","Sun Jan 20 12:24:00 EST 2019","null"
"2","643","1","Sun Jan 20 12:24:00 EST 2019","null"
"2","642","2","Sun Jan 20 12:24:00 EST 2019","null"
"1","66","3","Sun Jan 20 12:24:01 EST 2019","null"
"1","66","2","Sun Jan 20 12:24:02 EST 2019","null"
"1","66","1","Sun Jan 20 12:24:05 EST 2019","null"
"1","66","4","Sun Jan 20 12:24:05 EST 2019","null"
"2","643","2","Sun Jan 20 12:24:06 EST 2019","null"
"2","644","1","Sun Jan 20 12:24:08 EST 2019","null"
"3","199","1","Sun Jan 20 12:24:08 EST 2019","null"
"2","644","1","Sun Jan 20 12:24:08 EST 2019","null"
"3","1063","1","Sun Jan 20 12:24:08 EST 2019","null"
"2","645","1","Sun Jan 20 12:24:08 EST 2019","null"
"3","200","1","Sun Jan 20 12:24:08 EST 2019","null"
"2","645","1","Sun Jan 20 12:24:08 EST 2019","null"
"2","644","2","Sun Jan 20 12:24:09 EST 2019","null"
"2","646","1","Sun Jan 20 12:24:09 EST 2019","null"
"3","198","1","Sun Jan 20 12:24:09 EST 2019","null"
"2","646","1","Sun Jan 20 12:24:09 EST 2019","null"
"3","1062","1","Sun Jan 20 12:24:09 EST 2019","null"
"2","645","2","Sun Jan 20 12:24:09 EST 2019","null"
"2","647","1","Sun Jan 20 12:24:09 EST 2019","null"
"3","199","1","Sun Jan 20 12:24:09 EST 2019","null"
"2","647","1","Sun Jan 20 12:24:09 EST 2019","null"
"3","1064","1","Sun Jan 20 12:24:09 EST 2019","null"
"2","646","2","Sun Jan 20 12:24:10 EST 2019","null"
"2","647","2","Sun Jan 20 12:24:11 EST 2019","null"
"2","648","1","Sun Jan 20 12:24:14 EST 2019","null"
"3","200","1","Sun Jan 20 12:24:14 EST 2019","null"
"2","648","1","Sun Jan 20 12:24:14 EST 2019","null"
"3","1067","1","Sun Jan 20 12:24:15 EST 2019","null"
"4","66","2","Sun Jan 20 12:24:19 EST 2019","Bali"
"1","66","3","Sun Jan 20 12:24:19 EST 2019","null"
"1","66","2","Sun Jan 20 12:24:19 EST 2019","null"
"1","38","1","Sun Jan 20 12:24:24 EST 2019","null"
"2","640","1","Sun Jan 20 12:24:24 EST 2019","null"
"3","198","1","Sun Jan 20 12:24:24 EST 2019","null"
"1","38","4","Sun Jan 20 12:24:24 EST 2019","null"
"2","640","1","Sun Jan 20 12:24:24 EST 2019","null"
"4","38","2","Sun Jan 20 12:24:24 EST 2019","Bali"
"3","1059","1","Sun Jan 20 12:24:25 EST 2019","null"
"2","641","1","Sun Jan 20 12:24:25 EST 2019","null"
"3","199","1","Sun Jan 20 12:24:25 EST 2019","null"
"2","641","1","Sun Jan 20 12:24:25 EST 2019","null"
"3","1066","1","Sun Jan 20 12:24:26 EST 2019","null"
"2","640","2","Sun Jan 20 12:24:26 EST 2019","null"
"2","642","1","Sun Jan 20 12:24:26 EST 2019","null"
"3","200","1","Sun Jan 20 12:24:26 EST 2019","null"
"2","642","1","Sun Jan 20 12:24:26 EST 2019","null"
"3","1067","1","Sun Jan 20 12:24:27 EST 2019","null"
"2","641","2","Sun Jan 20 12:24:27 EST 2019","null"
"2","643","1","Sun Jan 20 12:24:27 EST 2019","null"
"3","198","1","Sun Jan 20 12:24:27 EST 2019","null"
"2","643","1","Sun Jan 20 12:24:27 EST 2019","null"
"3","1060","1","Sun Jan 20 12:24:28 EST 2019","null"
"2","642","2","Sun Jan 20 12:24:28 EST 2019","null"
"2","643","2","Sun Jan 20 12:24:30 EST 2019","null"
"2","644","1","Sun Jan 20 12:24:38 EST 2019","null"
"3","199","1","Sun Jan 20 12:24:38 EST 2019","null"
"2","644","1","Sun Jan 20 12:24:38 EST 2019","null"
"3","1063","1","Sun Jan 20 12:24:38 EST 2019","null"
"2","645","1","Sun Jan 20 12:24:39 EST 2019","null"
"3","200","1","Sun Jan 20 12:24:39 EST 2019","null"
"2","645","1","Sun Jan 20 12:24:39 EST 2019","null"
"3","1067","1","Sun Jan 20 12:24:39 EST 2019","null"
"2","644","2","Sun Jan 20 12:24:40 EST 2019","null"
"2","646","1","Sun Jan 20 12:24:40 EST 2019","null"
"3","198","1","Sun Jan 20 12:24:40 EST 2019","null"
"2","646","1","Sun Jan 20 12:24:40 EST 2019","null"
"3","1062","1","Sun Jan 20 12:24:41 EST 2019","null"
"2","645","2","Sun Jan 20 12:24:41 EST 2019","null"
"2","647","1","Sun Jan 20 12:24:41 EST 2019","null"
"3","199","1","Sun Jan 20 12:24:41 EST 2019","null"
"2","647","1","Sun Jan 20 12:24:41 EST 2019","null"
"3","1064","1","Sun Jan 20 12:24:42 EST 2019","null"
"2","646","2","Sun Jan 20 12:24:42 EST 2019","null"
"2","647","2","Sun Jan 20 12:24:44 EST 2019","null"
"2","648","1","Sun Jan 20 12:24:45 EST 2019","null"
"3","200","1","Sun Jan 20 12:24:45 EST 2019","null"
"2","648","1","Sun Jan 20 12:24:45 EST 2019","null"
"3","1067","1","Sun Jan 20 12:24:46 EST 2019","null"
"4","38","2","Sun Jan 20 12:24:47 EST 2019","Bali"
"1","38","3","Sun Jan 20 12:24:47 EST 2019","null"
"1","38","2","Sun Jan 20 12:24:48 EST 2019","null"
"2","648","2","Sun Jan 20 12:24:48 EST 2019","null"
"4","0","1","Sun Jan 20 12:24:50 EST 2019","com.google.android.apps.wallpaper"
"4","-1","1","Sun Jan 20 12:24:50 EST 2019","com.google.android.apps.wallpaper"
"1","66","1","Sun Jan 20 12:26:00 EST 2019","null"
"1","66","4","Sun Jan 20 12:26:00 EST 2019","null"
"1","66","3","Sun Jan 20 12:26:02 EST 2019","null"
"1","66","2","Sun Jan 20 12:26:02 EST 2019","null"
"4","-1","3","Mon Jan 21 05:09:00 EST 2019","Bali"
"4","0","1","Mon Jan 21 05:09:47 EST 2019","story-catalogue"
"4","0","1","Mon Jan 21 05:09:55 EST 2019","story"
"4","0","1","Mon Jan 21 05:11:22 EST 2019","story-catalogue"
"4","0","1","Mon Jan 21 05:11:28 EST 2019","story"
"4","-1","3","Mon Jan 21 05:38:12 EST 2019","Bali"
"4","-1","3","Mon Jan 21 05:39:30 EST 2019","Bali"
"4","-1","3","Mon Jan 21 05:55:15 EST 2019","Bali"
"4","-1","3","Mon Jan 21 05:56:35 EST 2019","Bali"
"4","-1","3","Mon Jan 21 05:58:50 EST 2019","Bali"
"4","-1","3","Mon Jan 21 06:03:51 EST 2019","Bali"
"4","-1","3","Mon Jan 21 06:05:38 EST 2019","Bali"
"4","-1","3","Mon Jan 21 06:05:38 EST 2019","Bali"
"4","-1","3","Mon Jan 21 06:13:51 EST 2019","Bali"
"4","-1","3","Mon Jan 21 06:13:51 EST 2019","Bali"
"4","-1","3","Mon Jan 21 06:13:51 EST 2019","Bali"
"4","-1","3","Mon Jan 21 06:17:40 EST 2019","Bali"
"4","-1","3","Mon Jan 21 06:33:19 EST 2019","Bali"
"4","-1","3","Mon Jan 21 06:33:19 EST 2019","Bali"
"4","-1","3","Mon Jan 21 06:33:19 EST 2019","Bali"
"4","-1","3","Mon Jan 21 06:40:09 EST 2019","Bali"
"4","-1","3","Mon Jan 21 06:40:09 EST 2019","Bali"
"4","-1","3","Mon Jan 21 06:40:09 EST 2019","Bali"
"4","-1","3","Mon Jan 21 07:46:33 EST 2019","Bali"
"4","-1","3","Mon Jan 21 07:47:53 EST 2019","Bali"
"4","-1","3","Mon Jan 21 07:48:55 EST 2019","Bali"
"4","2","1","Mon Jan 21 07:49:51 EST 2019","decomone"
"4","2","2","Mon Jan 21 07:51:04 EST 2019","decomone"
"4","3","1","Mon Jan 21 07:51:11 EST 2019","decomone"
"4","0","1","Mon Jan 21 07:57:44 EST 2019","com.google.android.GoogleCamera"
"4","-1","1","Mon Jan 21 07:57:44 EST 2019","com.google.android.GoogleCamera"
"4","-1","3","Mon Jan 21 07:59:51 EST 2019","Bali"
"4","0","1","Mon Jan 21 09:08:32 EST 2019","story-catalogue"
"4","0","1","Mon Jan 21 09:08:38 EST 2019","story"
"1","3","1","Mon Jan 21 09:10:47 EST 2019","null"
"1","3","4","Mon Jan 21 09:10:47 EST 2019","null"
"4","3","2","Mon Jan 21 09:10:47 EST 2019","Bali"
"2","17","1","Mon Jan 21 09:10:47 EST 2019","null"
"3","17","1","Mon Jan 21 09:10:47 EST 2019","null"
"2","17","1","Mon Jan 21 09:10:47 EST 2019","null"
"3","17","1","Mon Jan 21 09:10:48 EST 2019","null"
"2","18","1","Mon Jan 21 09:10:49 EST 2019","null"
"3","18","1","Mon Jan 21 09:10:49 EST 2019","null"
"2","18","1","Mon Jan 21 09:10:49 EST 2019","null"
"3","18","1","Mon Jan 21 09:10:49 EST 2019","null"
"2","17","2","Mon Jan 21 09:10:49 EST 2019","null"
"2","19","1","Mon Jan 21 09:10:49 EST 2019","null"
"3","19","1","Mon Jan 21 09:10:49 EST 2019","null"
"2","19","1","Mon Jan 21 09:10:49 EST 2019","null"
"2","18","2","Mon Jan 21 09:10:50 EST 2019","null"
"2","20","1","Mon Jan 21 09:10:50 EST 2019","null"
"3","20","1","Mon Jan 21 09:10:50 EST 2019","null"
"2","20","1","Mon Jan 21 09:10:50 EST 2019","null"
"3","20","1","Mon Jan 21 09:10:50 EST 2019","null"
"2","19","2","Mon Jan 21 09:10:50 EST 2019","null"
"2","20","2","Mon Jan 21 09:10:52 EST 2019","null"
"2","21","1","Mon Jan 21 09:10:55 EST 2019","null"
"3","21","1","Mon Jan 21 09:10:55 EST 2019","null"
"2","21","1","Mon Jan 21 09:10:55 EST 2019","null"
"2","22","1","Mon Jan 21 09:10:55 EST 2019","null"
"3","22","1","Mon Jan 21 09:10:55 EST 2019","null"
"2","22","1","Mon Jan 21 09:10:55 EST 2019","null"
"3","22","1","Mon Jan 21 09:10:55 EST 2019","null"
"2","21","2","Mon Jan 21 09:10:55 EST 2019","null"
"2","23","1","Mon Jan 21 09:10:55 EST 2019","null"
"3","23","1","Mon Jan 21 09:10:55 EST 2019","null"
"2","23","1","Mon Jan 21 09:10:55 EST 2019","null"
"3","23","1","Mon Jan 21 09:10:56 EST 2019","null"
"2","22","2","Mon Jan 21 09:10:56 EST 2019","null"
"2","24","1","Mon Jan 21 09:10:56 EST 2019","null"
"3","24","1","Mon Jan 21 09:10:56 EST 2019","null"
"2","24","1","Mon Jan 21 09:10:56 EST 2019","null"
"2","23","2","Mon Jan 21 09:10:56 EST 2019","null"
"2","24","2","Mon Jan 21 09:10:58 EST 2019","null"
"4","3","2","Mon Jan 21 09:10:59 EST 2019","Bali"
"1","3","3","Mon Jan 21 09:11:00 EST 2019","null"
"1","3","2","Mon Jan 21 09:11:00 EST 2019","null"
"1","71","1","Mon Jan 21 09:11:05 EST 2019","null"
"2","17","1","Mon Jan 21 09:11:05 EST 2019","null"
"3","17","1","Mon Jan 21 09:11:05 EST 2019","null"
"1","71","4","Mon Jan 21 09:11:05 EST 2019","null"
"2","17","1","Mon Jan 21 09:11:05 EST 2019","null"
"4","71","2","Mon Jan 21 09:11:05 EST 2019","Bali"
"3","17","1","Mon Jan 21 09:11:06 EST 2019","null"
"1","71","3","Mon Jan 21 09:11:12 EST 2019","null"
"1","71","2","Mon Jan 21 09:11:12 EST 2019","null"
"2","17","2","Mon Jan 21 09:11:12 EST 2019","null"
"1","73","1","Mon Jan 21 09:11:15 EST 2019","null"
"2","688","1","Mon Jan 21 09:11:15 EST 2019","null"
"3","214","1","Mon Jan 21 09:11:15 EST 2019","null"
"1","73","4","Mon Jan 21 09:11:15 EST 2019","null"
"2","688","1","Mon Jan 21 09:11:15 EST 2019","null"
"4","73","2","Mon Jan 21 09:11:15 EST 2019","Bali"
"3","1101","1","Mon Jan 21 09:11:16 EST 2019","null"
"2","689","1","Mon Jan 21 09:11:20 EST 2019","null"
"3","215","1","Mon Jan 21 09:11:20 EST 2019","null"
"2","689","1","Mon Jan 21 09:11:20 EST 2019","null"
"3","1102","1","Mon Jan 21 09:11:23 EST 2019","null"
"2","688","2","Mon Jan 21 09:11:23 EST 2019","null"
"2","690","1","Mon Jan 21 09:11:23 EST 2019","null"
"3","216","1","Mon Jan 21 09:11:23 EST 2019","null"
"2","690","1","Mon Jan 21 09:11:23 EST 2019","null"
"3","1103","1","Mon Jan 21 09:11:24 EST 2019","null"
"2","689","2","Mon Jan 21 09:11:25 EST 2019","null"
"2","691","1","Mon Jan 21 09:11:25 EST 2019","null"
"3","214","1","Mon Jan 21 09:11:25 EST 2019","null"
"2","691","1","Mon Jan 21 09:11:25 EST 2019","null"
"3","1101","1","Mon Jan 21 09:11:26 EST 2019","null"
"2","690","2","Mon Jan 21 09:11:28 EST 2019","null"
"2","691","2","Mon Jan 21 09:11:28 EST 2019","null"
"2","692","1","Mon Jan 21 09:11:31 EST 2019","null"
"3","215","1","Mon Jan 21 09:11:31 EST 2019","null"
"2","692","1","Mon Jan 21 09:11:31 EST 2019","null"
"3","1102","1","Mon Jan 21 09:11:31 EST 2019","null"
"2","693","1","Mon Jan 21 09:11:31 EST 2019","null"
"3","216","1","Mon Jan 21 09:11:31 EST 2019","null"
"2","693","1","Mon Jan 21 09:11:31 EST 2019","null"
"2","692","2","Mon Jan 21 09:11:32 EST 2019","null"
"2","694","1","Mon Jan 21 09:11:32 EST 2019","null"
"3","214","1","Mon Jan 21 09:11:32 EST 2019","null"
"2","694","1","Mon Jan 21 09:11:32 EST 2019","null"
"3","1101","1","Mon Jan 21 09:11:32 EST 2019","null"
"2","693","2","Mon Jan 21 09:11:33 EST 2019","null"
"2","695","1","Mon Jan 21 09:11:33 EST 2019","null"
"3","215","1","Mon Jan 21 09:11:33 EST 2019","null"
"2","695","1","Mon Jan 21 09:11:33 EST 2019","null"
"3","1102","1","Mon Jan 21 09:11:33 EST 2019","null"
"2","694","2","Mon Jan 21 09:11:33 EST 2019","null"
"2","695","2","Mon Jan 21 09:11:35 EST 2019","null"
"2","696","1","Mon Jan 21 09:11:36 EST 2019","null"
"3","216","1","Mon Jan 21 09:11:36 EST 2019","null"
"2","696","1","Mon Jan 21 09:11:36 EST 2019","null"
"3","1103","1","Mon Jan 21 09:11:36 EST 2019","null"
"4","73","2","Mon Jan 21 09:11:37 EST 2019","Bali"
"1","73","3","Mon Jan 21 09:11:38 EST 2019","null"
"1","73","2","Mon Jan 21 09:11:38 EST 2019","null"
"2","696","2","Mon Jan 21 09:11:38 EST 2019","null"
"1","3","1","Mon Jan 21 09:26:03 EST 2019","null"
"1","3","4","Mon Jan 21 09:26:03 EST 2019","null"
"1","3","3","Mon Jan 21 09:26:06 EST 2019","null"
"1","3","2","Mon Jan 21 09:26:06 EST 2019","null"
"4","0","1","Mon Jan 21 09:56:11 EST 2019","com.google.android.apps.photos"
"4","-1","1","Mon Jan 21 09:56:11 EST 2019","com.google.android.apps.photos"
"4","-1","3","Mon Jan 21 10:45:39 EST 2019","Bali"
"4","-1","3","Mon Jan 21 10:46:59 EST 2019","Bali"
"4","-1","3","Mon Jan 21 10:48:08 EST 2019","Bali"
"4","-1","3","Mon Jan 21 10:49:39 EST 2019","Bali"
"4","-1","3","Mon Jan 21 10:51:05 EST 2019","Bali"
"4","1","1","Mon Jan 21 10:51:43 EST 2019","bubble"
"4","1","2","Mon Jan 21 10:52:27 EST 2019","bubble"
"4","2","1","Mon Jan 21 10:52:38 EST 2019","bubble"
"4","9","1","Mon Jan 21 10:53:17 EST 2019","basiclettercase"
"4","9","2","Mon Jan 21 10:53:29 EST 2019","basiclettercase"
"4","10","1","Mon Jan 21 10:53:40 EST 2019","basiclettercase"
"4","10","2","Mon Jan 21 10:53:56 EST 2019","basiclettercase"
"4","10","1","Mon Jan 21 10:54:07 EST 2019","basiclettercase"
"4","0","1","Mon Jan 21 10:54:16 EST 2019","story-catalogue"
"4","0","1","Mon Jan 21 10:54:22 EST 2019","story"
"4","1","2","Mon Jan 21 10:58:13 EST 2019","storyId_74"
"4","0","1","Mon Jan 21 10:58:27 EST 2019","story"
"4","1","2","Mon Jan 21 11:01:47 EST 2019","storyId_35"
"4","0","1","Mon Jan 21 11:02:01 EST 2019","story"
"4","1","2","Mon Jan 21 11:04:45 EST 2019","storyId_61"
"4","0","1","Mon Jan 21 11:05:01 EST 2019","com.google.android.apps.wallpaper"
"4","-1","1","Mon Jan 21 11:05:01 EST 2019","com.google.android.apps.wallpaper"
"1","3","1","Mon Jan 21 11:06:11 EST 2019","null"
"2","706","1","Mon Jan 21 11:06:11 EST 2019","null"
"3","220","1","Mon Jan 21 11:06:11 EST 2019","null"
"2","707","1","Mon Jan 21 11:06:11 EST 2019","null"
"3","221","1","Mon Jan 21 11:06:11 EST 2019","null"
"1","3","4","Mon Jan 21 11:06:11 EST 2019","null"
"4","3","2","Mon Jan 21 11:06:12 EST 2019","Bali"
"2","706","1","Mon Jan 21 11:06:12 EST 2019","null"
"2","707","1","Mon Jan 21 11:06:12 EST 2019","null"
"2","706","2","Mon Jan 21 11:06:13 EST 2019","null"
"2","708","1","Mon Jan 21 11:06:13 EST 2019","null"
"3","222","1","Mon Jan 21 11:06:13 EST 2019","null"
"2","708","1","Mon Jan 21 11:06:13 EST 2019","null"
"3","1127","1","Mon Jan 21 11:06:14 EST 2019","null"
"2","707","2","Mon Jan 21 11:06:15 EST 2019","null"
"2","709","1","Mon Jan 21 11:06:15 EST 2019","null"
"3","220","1","Mon Jan 21 11:06:15 EST 2019","null"
"2","709","1","Mon Jan 21 11:06:15 EST 2019","null"
"2","708","2","Mon Jan 21 11:06:15 EST 2019","null"
"2","709","2","Mon Jan 21 11:06:17 EST 2019","null"
"2","710","1","Mon Jan 21 11:06:19 EST 2019","null"
"3","221","1","Mon Jan 21 11:06:19 EST 2019","null"
"2","710","1","Mon Jan 21 11:06:19 EST 2019","null"
"2","711","1","Mon Jan 21 11:06:19 EST 2019","null"
"3","222","1","Mon Jan 21 11:06:19 EST 2019","null"
"2","711","1","Mon Jan 21 11:06:19 EST 2019","null"
"3","1127","1","Mon Jan 21 11:06:20 EST 2019","null"
"2","710","2","Mon Jan 21 11:06:20 EST 2019","null"
"2","712","1","Mon Jan 21 11:06:20 EST 2019","null"
"3","220","1","Mon Jan 21 11:06:20 EST 2019","null"
"2","712","1","Mon Jan 21 11:06:21 EST 2019","null"
"2","711","2","Mon Jan 21 11:06:21 EST 2019","null"
"2","713","1","Mon Jan 21 11:06:21 EST 2019","null"
"3","221","1","Mon Jan 21 11:06:21 EST 2019","null"
"2","713","1","Mon Jan 21 11:06:21 EST 2019","null"
"3","688","1","Mon Jan 21 11:06:22 EST 2019","null"
"2","712","2","Mon Jan 21 11:06:23 EST 2019","null"
"2","713","2","Mon Jan 21 11:06:24 EST 2019","null"
"2","714","1","Mon Jan 21 11:06:26 EST 2019","null"
"3","222","1","Mon Jan 21 11:06:26 EST 2019","null"
"2","714","1","Mon Jan 21 11:06:26 EST 2019","null"
"2","714","2","Mon Jan 21 11:06:28 EST 2019","null"
"1","35","1","Mon Jan 21 11:06:31 EST 2019","null"
"1","35","4","Mon Jan 21 11:06:31 EST 2019","null"
"4","35","2","Mon Jan 21 11:06:31 EST 2019","Bali"
"2","343","1","Mon Jan 21 11:06:31 EST 2019","null"
"3","99","1","Mon Jan 21 11:06:31 EST 2019","null"
"2","343","1","Mon Jan 21 11:06:31 EST 2019","null"
"3","590","1","Mon Jan 21 11:06:32 EST 2019","null"
"2","344","1","Mon Jan 21 11:06:32 EST 2019","null"
"3","100","1","Mon Jan 21 11:06:32 EST 2019","null"
"2","344","1","Mon Jan 21 11:06:32 EST 2019","null"
"2","343","2","Mon Jan 21 11:06:32 EST 2019","null"
"2","345","1","Mon Jan 21 11:06:32 EST 2019","null"
"3","101","1","Mon Jan 21 11:06:32 EST 2019","null"
"2","345","1","Mon Jan 21 11:06:32 EST 2019","null"
"3","484","1","Mon Jan 21 11:06:32 EST 2019","null"
"2","344","2","Mon Jan 21 11:06:33 EST 2019","null"
"2","346","1","Mon Jan 21 11:06:33 EST 2019","null"
"3","99","1","Mon Jan 21 11:06:33 EST 2019","null"
"2","346","1","Mon Jan 21 11:06:33 EST 2019","null"
"2","345","2","Mon Jan 21 11:06:33 EST 2019","null"
"2","346","2","Mon Jan 21 11:06:34 EST 2019","null"
"2","347","1","Mon Jan 21 11:06:37 EST 2019","null"
"3","100","1","Mon Jan 21 11:06:37 EST 2019","null"
"2","347","1","Mon Jan 21 11:06:37 EST 2019","null"
"3","591","1","Mon Jan 21 11:06:37 EST 2019","null"
"2","348","1","Mon Jan 21 11:06:37 EST 2019","null"
"3","101","1","Mon Jan 21 11:06:37 EST 2019","null"
"2","348","1","Mon Jan 21 11:06:37 EST 2019","null"
"2","347","2","Mon Jan 21 11:06:38 EST 2019","null"
"2","349","1","Mon Jan 21 11:06:38 EST 2019","null"
"3","99","1","Mon Jan 21 11:06:38 EST 2019","null"
"2","349","1","Mon Jan 21 11:06:38 EST 2019","null"
"3","590","1","Mon Jan 21 11:06:38 EST 2019","null"
"2","348","2","Mon Jan 21 11:06:38 EST 2019","null"
"2","350","1","Mon Jan 21 11:06:38 EST 2019","null"
"3","100","1","Mon Jan 21 11:06:38 EST 2019","null"
"2","350","1","Mon Jan 21 11:06:38 EST 2019","null"
"3","591","1","Mon Jan 21 11:06:39 EST 2019","null"
"2","349","2","Mon Jan 21 11:06:40 EST 2019","null"
"2","350","2","Mon Jan 21 11:06:42 EST 2019","null"
"2","351","1","Mon Jan 21 11:06:45 EST 2019","null"
"3","101","1","Mon Jan 21 11:06:45 EST 2019","null"
"2","351","1","Mon Jan 21 11:06:45 EST 2019","null"
"3","484","1","Mon Jan 21 11:06:45 EST 2019","null"
"4","35","2","Mon Jan 21 11:06:46 EST 2019","Bali"
"1","35","3","Mon Jan 21 11:06:47 EST 2019","null"
"1","35","2","Mon Jan 21 11:06:47 EST 2019","null"
"4","0","1","Mon Jan 21 11:07:00 EST 2019","com.google.android.apps.photos"
"4","-1","1","Mon Jan 21 11:07:00 EST 2019","com.google.android.apps.photos"
"4","-1","3","Mon Jan 21 11:08:00 EST 2019","Bali"
"4","-1","3","Mon Jan 21 11:09:20 EST 2019","Bali"
"4","-1","3","Mon Jan 21 11:10:00 EST 2019","Bali"
"4","-1","3","Mon Jan 21 11:11:00 EST 2019","Bali"
"4","-1","3","Mon Jan 21 11:12:00 EST 2019","Bali"
"4","-1","3","Mon Jan 21 11:13:01 EST 2019","Bali"
"4","-1","3","Mon Jan 21 11:14:40 EST 2019","Bali"
"4","-1","3","Mon Jan 21 11:15:42 EST 2019","Bali"
"4","-1","3","Mon Jan 21 11:16:43 EST 2019","Bali"
"4","-1","3","Mon Jan 21 12:18:38 EST 2019","Bali"
"4","0","1","Mon Jan 21 12:36:44 EST 2019","story-catalogue"
"1","26","1","Mon Jan 21 12:37:50 EST 2019","null"
"1","26","4","Mon Jan 21 12:37:50 EST 2019","null"
"4","26","2","Mon Jan 21 12:37:50 EST 2019","Bali"
"2","259","1","Mon Jan 21 12:37:50 EST 2019","null"
"3","71","1","Mon Jan 21 12:37:50 EST 2019","null"
"2","259","1","Mon Jan 21 12:37:50 EST 2019","null"
"3","1108","1","Mon Jan 21 12:37:51 EST 2019","null"
"2","260","1","Mon Jan 21 12:37:52 EST 2019","null"
"3","72","1","Mon Jan 21 12:37:52 EST 2019","null"
"2","260","1","Mon Jan 21 12:37:52 EST 2019","null"
"3","529","1","Mon Jan 21 12:37:52 EST 2019","null"
"2","259","2","Mon Jan 21 12:37:52 EST 2019","null"
"2","261","1","Mon Jan 21 12:37:52 EST 2019","null"
"3","73","1","Mon Jan 21 12:37:52 EST 2019","null"
"2","261","1","Mon Jan 21 12:37:52 EST 2019","null"
"2","260","2","Mon Jan 21 12:37:52 EST 2019","null"
"2","262","1","Mon Jan 21 12:37:52 EST 2019","null"
"3","71","1","Mon Jan 21 12:37:52 EST 2019","null"
"2","262","1","Mon Jan 21 12:37:52 EST 2019","null"
"3","1108","1","Mon Jan 21 12:37:53 EST 2019","null"
"2","261","2","Mon Jan 21 12:37:53 EST 2019","null"
"2","262","2","Mon Jan 21 12:37:54 EST 2019","null"
"2","263","1","Mon Jan 21 12:37:57 EST 2019","null"
"3","72","1","Mon Jan 21 12:37:57 EST 2019","null"
"2","263","1","Mon Jan 21 12:37:57 EST 2019","null"
"3","529","1","Mon Jan 21 12:37:57 EST 2019","null"
"2","264","1","Mon Jan 21 12:37:58 EST 2019","null"
"3","73","1","Mon Jan 21 12:37:58 EST 2019","null"
"2","264","1","Mon Jan 21 12:37:58 EST 2019","null"
"2","263","2","Mon Jan 21 12:37:58 EST 2019","null"
"2","265","1","Mon Jan 21 12:37:58 EST 2019","null"
"3","71","1","Mon Jan 21 12:37:58 EST 2019","null"
"2","265","1","Mon Jan 21 12:37:58 EST 2019","null"
"3","1108","1","Mon Jan 21 12:37:58 EST 2019","null"
"2","264","2","Mon Jan 21 12:37:58 EST 2019","null"
"2","266","1","Mon Jan 21 12:37:58 EST 2019","null"
"3","72","1","Mon Jan 21 12:37:58 EST 2019","null"
"2","266","1","Mon Jan 21 12:37:58 EST 2019","null"
"2","265","2","Mon Jan 21 12:37:58 EST 2019","null"
"2","266","2","Mon Jan 21 12:38:00 EST 2019","null"
"2","267","1","Mon Jan 21 12:38:02 EST 2019","null"
"3","73","1","Mon Jan 21 12:38:02 EST 2019","null"
"2","267","1","Mon Jan 21 12:38:02 EST 2019","null"
"3","533","1","Mon Jan 21 12:38:02 EST 2019","null"
"4","26","2","Mon Jan 21 12:38:04 EST 2019","Bali"
"1","26","3","Mon Jan 21 12:38:04 EST 2019","null"
"1","26","2","Mon Jan 21 12:38:04 EST 2019","null"
"4","0","1","Mon Jan 21 13:56:05 EST 2019","story"
"4","0","1","Mon Jan 21 13:58:12 EST 2019","story"
"4","0","1","Mon Jan 21 14:01:20 EST 2019","story-catalogue"
"1","26","1","Mon Jan 21 14:44:57 EST 2019","null"
"1","26","4","Mon Jan 21 14:44:57 EST 2019","null"
"1","26","3","Mon Jan 21 14:44:59 EST 2019","null"
"1","26","2","Mon Jan 21 14:44:59 EST 2019","null"
"4","-1","3","Mon Jan 21 14:47:23 EST 2019","Bali"
"1","36","1","Mon Jan 21 14:47:51 EST 2019","null"
"2","259","1","Mon Jan 21 14:47:51 EST 2019","null"
"3","71","1","Mon Jan 21 14:47:51 EST 2019","null"
"1","36","4","Mon Jan 21 14:47:51 EST 2019","null"
"2","259","1","Mon Jan 21 14:47:51 EST 2019","null"
"4","36","2","Mon Jan 21 14:47:51 EST 2019","Bali"
"3","1108","1","Mon Jan 21 14:47:52 EST 2019","null"
"1","36","3","Mon Jan 21 14:47:57 EST 2019","null"
"1","36","2","Mon Jan 21 14:47:57 EST 2019","null"
"2","259","2","Mon Jan 21 14:47:57 EST 2019","null"
"1","40","1","Mon Jan 21 14:47:59 EST 2019","null"
"2","352","1","Mon Jan 21 14:47:59 EST 2019","null"
"3","102","1","Mon Jan 21 14:47:59 EST 2019","null"
"1","40","4","Mon Jan 21 14:47:59 EST 2019","null"
"2","352","1","Mon Jan 21 14:47:59 EST 2019","null"
"4","40","2","Mon Jan 21 14:47:59 EST 2019","Bali"
"3","601","1","Mon Jan 21 14:47:59 EST 2019","null"
"2","353","1","Mon Jan 21 14:48:03 EST 2019","null"
"3","103","1","Mon Jan 21 14:48:03 EST 2019","null"
"2","353","1","Mon Jan 21 14:48:03 EST 2019","null"
"3","818","1","Mon Jan 21 14:48:03 EST 2019","null"
"2","352","2","Mon Jan 21 14:48:07 EST 2019","null"
"2","354","1","Mon Jan 21 14:48:07 EST 2019","null"
"3","104","1","Mon Jan 21 14:48:07 EST 2019","null"
"2","354","1","Mon Jan 21 14:48:07 EST 2019","null"
"3","438","1","Mon Jan 21 14:48:08 EST 2019","null"
"2","353","2","Mon Jan 21 14:48:09 EST 2019","null"
"2","355","1","Mon Jan 21 14:48:09 EST 2019","null"
"3","105","1","Mon Jan 21 14:48:09 EST 2019","null"
"2","355","1","Mon Jan 21 14:48:09 EST 2019","null"
"3","602","1","Mon Jan 21 14:48:10 EST 2019","null"
"2","354","2","Mon Jan 21 14:48:12 EST 2019","null"
"2","355","2","Mon Jan 21 14:48:14 EST 2019","null"
"2","356","1","Mon Jan 21 14:48:16 EST 2019","null"
"3","102","1","Mon Jan 21 14:48:16 EST 2019","null"
"2","356","1","Mon Jan 21 14:48:16 EST 2019","null"
"3","600","1","Mon Jan 21 14:48:17 EST 2019","null"
"2","357","1","Mon Jan 21 14:48:20 EST 2019","null"
"3","103","1","Mon Jan 21 14:48:20 EST 2019","null"
"2","357","1","Mon Jan 21 14:48:20 EST 2019","null"
"3","592","1","Mon Jan 21 14:48:21 EST 2019","null"
"2","356","2","Mon Jan 21 14:48:26 EST 2019","null"
"2","358","1","Mon Jan 21 14:48:26 EST 2019","null"
"3","104","1","Mon Jan 21 14:48:26 EST 2019","null"
"2","358","1","Mon Jan 21 14:48:26 EST 2019","null"
"3","438","1","Mon Jan 21 14:48:26 EST 2019","null"
"2","357","2","Mon Jan 21 14:48:27 EST 2019","null"
"2","359","1","Mon Jan 21 14:48:27 EST 2019","null"
"3","105","1","Mon Jan 21 14:48:27 EST 2019","null"
"2","359","1","Mon Jan 21 14:48:27 EST 2019","null"
"2","358","2","Mon Jan 21 14:48:27 EST 2019","null"
"2","359","2","Mon Jan 21 14:48:29 EST 2019","null"
"2","360","1","Mon Jan 21 14:48:32 EST 2019","null"
"3","102","1","Mon Jan 21 14:48:32 EST 2019","null"
"2","360","1","Mon Jan 21 14:48:32 EST 2019","null"
"3","599","1","Mon Jan 21 14:48:33 EST 2019","null"
"2","361","1","Mon Jan 21 14:48:33 EST 2019","null"
"3","103","1","Mon Jan 21 14:48:33 EST 2019","null"
"2","361","1","Mon Jan 21 14:48:33 EST 2019","null"
"2","360","2","Mon Jan 21 14:48:33 EST 2019","null"
"2","362","1","Mon Jan 21 14:48:33 EST 2019","null"
"3","104","1","Mon Jan 21 14:48:33 EST 2019","null"
"2","362","1","Mon Jan 21 14:48:33 EST 2019","null"
"3","438","1","Mon Jan 21 14:48:33 EST 2019","null"
"2","361","2","Mon Jan 21 14:48:34 EST 2019","null"
"2","363","1","Mon Jan 21 14:48:34 EST 2019","null"
"3","105","1","Mon Jan 21 14:48:34 EST 2019","null"
"2","363","1","Mon Jan 21 14:48:34 EST 2019","null"
"3","604","1","Mon Jan 21 14:48:34 EST 2019","null"
"2","362","2","Mon Jan 21 14:48:35 EST 2019","null"
"2","363","2","Mon Jan 21 14:48:36 EST 2019","null"
"4","40","2","Mon Jan 21 14:48:41 EST 2019","Bali"
"1","40","3","Mon Jan 21 14:48:41 EST 2019","null"
"1","40","2","Mon Jan 21 14:48:42 EST 2019","null"
"1","40","1","Mon Jan 21 14:48:49 EST 2019","null"
"2","391","1","Mon Jan 21 14:48:49 EST 2019","null"
"3","115","1","Mon Jan 21 14:48:49 EST 2019","null"
"1","40","4","Mon Jan 21 14:48:49 EST 2019","null"
"2","391","1","Mon Jan 21 14:48:49 EST 2019","null"
"4","40","2","Mon Jan 21 14:48:49 EST 2019","Bali"
"3","722","1","Mon Jan 21 14:48:49 EST 2019","null"
"2","392","1","Mon Jan 21 14:48:50 EST 2019","null"
"3","116","1","Mon Jan 21 14:48:50 EST 2019","null"
"2","392","1","Mon Jan 21 14:48:50 EST 2019","null"
"3","561","1","Mon Jan 21 14:48:51 EST 2019","null"
"2","391","2","Mon Jan 21 14:48:52 EST 2019","null"
"2","393","1","Mon Jan 21 14:48:52 EST 2019","null"
"3","117","1","Mon Jan 21 14:48:52 EST 2019","null"
"2","393","1","Mon Jan 21 14:48:52 EST 2019","null"
"3","620","1","Mon Jan 21 14:48:52 EST 2019","null"
"2","392","2","Mon Jan 21 14:48:53 EST 2019","null"
"2","394","1","Mon Jan 21 14:48:53 EST 2019","null"
"3","115","1","Mon Jan 21 14:48:53 EST 2019","null"
"2","394","1","Mon Jan 21 14:48:53 EST 2019","null"
"2","393","2","Mon Jan 21 14:48:53 EST 2019","null"
"2","394","2","Mon Jan 21 14:48:55 EST 2019","null"
"2","395","1","Mon Jan 21 14:48:58 EST 2019","null"
"3","116","1","Mon Jan 21 14:48:58 EST 2019","null"
"2","395","1","Mon Jan 21 14:48:58 EST 2019","null"
"2","396","1","Mon Jan 21 14:48:58 EST 2019","null"
"3","117","1","Mon Jan 21 14:48:58 EST 2019","null"
"2","396","1","Mon Jan 21 14:48:58 EST 2019","null"
"3","619","1","Mon Jan 21 14:48:58 EST 2019","null"
"2","395","2","Mon Jan 21 14:48:58 EST 2019","null"
"2","397","1","Mon Jan 21 14:48:58 EST 2019","null"
"3","115","1","Mon Jan 21 14:48:58 EST 2019","null"
"2","397","1","Mon Jan 21 14:48:58 EST 2019","null"
"3","722","1","Mon Jan 21 14:48:59 EST 2019","null"
"2","396","2","Mon Jan 21 14:48:59 EST 2019","null"
"2","398","1","Mon Jan 21 14:48:59 EST 2019","null"
"3","116","1","Mon Jan 21 14:48:59 EST 2019","null"
"2","398","1","Mon Jan 21 14:48:59 EST 2019","null"
"2","397","2","Mon Jan 21 14:48:59 EST 2019","null"
"2","398","2","Mon Jan 21 14:49:01 EST 2019","null"
"2","399","1","Mon Jan 21 14:49:04 EST 2019","null"
"3","117","1","Mon Jan 21 14:49:04 EST 2019","null"
"2","399","1","Mon Jan 21 14:49:04 EST 2019","null"
"4","40","2","Mon Jan 21 14:49:05 EST 2019","Bali"
"1","40","3","Mon Jan 21 14:49:05 EST 2019","null"
"1","40","2","Mon Jan 21 14:49:05 EST 2019","null"
"2","399","2","Mon Jan 21 14:49:05 EST 2019","null"
"1","76","1","Mon Jan 21 14:49:11 EST 2019","null"
"2","391","1","Mon Jan 21 14:49:11 EST 2019","null"
"3","115","1","Mon Jan 21 14:49:11 EST 2019","null"
"1","76","4","Mon Jan 21 14:49:11 EST 2019","null"
"2","391","1","Mon Jan 21 14:49:11 EST 2019","null"
"4","76","2","Mon Jan 21 14:49:11 EST 2019","Bali"
"3","722","1","Mon Jan 21 14:49:12 EST 2019","null"
"2","392","1","Mon Jan 21 14:49:12 EST 2019","null"
"3","116","1","Mon Jan 21 14:49:12 EST 2019","null"
"2","392","1","Mon Jan 21 14:49:12 EST 2019","null"
"3","561","1","Mon Jan 21 14:49:12 EST 2019","null"
"2","391","2","Mon Jan 21 14:49:13 EST 2019","null"
"2","393","1","Mon Jan 21 14:49:14 EST 2019","null"
"3","117","1","Mon Jan 21 14:49:14 EST 2019","null"
"2","393","1","Mon Jan 21 14:49:14 EST 2019","null"
"1","76","3","Mon Jan 21 14:49:16 EST 2019","null"
"1","76","2","Mon Jan 21 14:49:16 EST 2019","null"
"2","392","2","Mon Jan 21 14:49:16 EST 2019","null"
"2","393","2","Mon Jan 21 14:49:16 EST 2019","null"
"1","80","1","Mon Jan 21 14:49:17 EST 2019","null"
"2","733","1","Mon Jan 21 14:49:17 EST 2019","null"
"3","229","1","Mon Jan 21 14:49:17 EST 2019","null"
"1","80","4","Mon Jan 21 14:49:17 EST 2019","null"
"2","733","1","Mon Jan 21 14:49:17 EST 2019","null"
"4","80","2","Mon Jan 21 14:49:17 EST 2019","Bali"
"3","1158","1","Mon Jan 21 14:49:18 EST 2019","null"
"2","734","1","Mon Jan 21 14:49:19 EST 2019","null"
"3","230","1","Mon Jan 21 14:49:19 EST 2019","null"
"2","734","1","Mon Jan 21 14:49:19 EST 2019","null"
"3","1162","1","Mon Jan 21 14:49:20 EST 2019","null"
"2","733","2","Mon Jan 21 14:49:21 EST 2019","null"
"2","735","1","Mon Jan 21 14:49:21 EST 2019","null"
"3","231","1","Mon Jan 21 14:49:21 EST 2019","null"
"2","735","1","Mon Jan 21 14:49:21 EST 2019","null"
"3","1166","1","Mon Jan 21 14:49:22 EST 2019","null"
"2","734","2","Mon Jan 21 14:49:23 EST 2019","null"
"2","736","1","Mon Jan 21 14:49:23 EST 2019","null"
"3","232","1","Mon Jan 21 14:49:23 EST 2019","null"
"2","736","1","Mon Jan 21 14:49:23 EST 2019","null"
"3","1168","1","Mon Jan 21 14:49:23 EST 2019","null"
"2","735","2","Mon Jan 21 14:49:24 EST 2019","null"
"2","736","2","Mon Jan 21 14:49:27 EST 2019","null"
"2","737","1","Mon Jan 21 14:49:32 EST 2019","null"
"3","229","1","Mon Jan 21 14:49:32 EST 2019","null"
"2","737","1","Mon Jan 21 14:49:32 EST 2019","null"
"3","1156","1","Mon Jan 21 14:49:33 EST 2019","null"
"2","738","1","Mon Jan 21 14:49:34 EST 2019","null"
"3","230","1","Mon Jan 21 14:49:34 EST 2019","null"
"2","738","1","Mon Jan 21 14:49:34 EST 2019","null"
"2","737","2","Mon Jan 21 14:49:34 EST 2019","null"
"2","739","1","Mon Jan 21 14:49:34 EST 2019","null"
"3","231","1","Mon Jan 21 14:49:34 EST 2019","null"
"2","739","1","Mon Jan 21 14:49:34 EST 2019","null"
"3","1167","1","Mon Jan 21 14:49:35 EST 2019","null"
"2","738","2","Mon Jan 21 14:49:36 EST 2019","null"
"2","740","1","Mon Jan 21 14:49:36 EST 2019","null"
"3","232","1","Mon Jan 21 14:49:36 EST 2019","null"
"2","740","1","Mon Jan 21 14:49:36 EST 2019","null"
"3","1168","1","Mon Jan 21 14:49:36 EST 2019","null"
"2","739","2","Mon Jan 21 14:49:37 EST 2019","null"
"2","740","2","Mon Jan 21 14:49:38 EST 2019","null"
"2","741","1","Mon Jan 21 14:49:41 EST 2019","null"
"3","229","1","Mon Jan 21 14:49:41 EST 2019","null"
"2","741","1","Mon Jan 21 14:49:41 EST 2019","null"
"3","1155","1","Mon Jan 21 14:49:42 EST 2019","null"
"2","742","1","Mon Jan 21 14:49:43 EST 2019","null"
"3","230","1","Mon Jan 21 14:49:43 EST 2019","null"
"2","742","1","Mon Jan 21 14:49:43 EST 2019","null"
"3","1159","1","Mon Jan 21 14:49:43 EST 2019","null"
"2","741","2","Mon Jan 21 14:49:44 EST 2019","null"
"2","743","1","Mon Jan 21 14:49:44 EST 2019","null"
"3","231","1","Mon Jan 21 14:49:44 EST 2019","null"
"2","743","1","Mon Jan 21 14:49:44 EST 2019","null"
"3","990","1","Mon Jan 21 14:49:45 EST 2019","null"
"2","742","2","Mon Jan 21 14:49:45 EST 2019","null"
"2","744","1","Mon Jan 21 14:49:45 EST 2019","null"
"3","232","1","Mon Jan 21 14:49:45 EST 2019","null"
"2","744","1","Mon Jan 21 14:49:45 EST 2019","null"
"3","1168","1","Mon Jan 21 14:49:46 EST 2019","null"
"2","743","2","Mon Jan 21 14:49:47 EST 2019","null"
"2","744","2","Mon Jan 21 14:49:48 EST 2019","null"
"4","80","2","Mon Jan 21 14:49:51 EST 2019","Bali"
"1","80","3","Mon Jan 21 14:49:52 EST 2019","null"
"1","80","2","Mon Jan 21 14:49:53 EST 2019","null"
"2","267","2","Mon Jan 21 15:32:05 EST 2019","null"
"4","0","1","Mon Jan 21 15:32:08 EST 2019","com.google.android.apps.photos"
"4","-1","1","Mon Jan 21 15:32:08 EST 2019","com.google.android.apps.photos"
"4","-1","3","Mon Jan 21 15:33:08 EST 2019","Bali"
"4","0","1","Mon Jan 21 15:34:32 EST 2019","story-catalogue"
"4","0","1","Mon Jan 21 15:34:44 EST 2019","story"
"4","1","1","Mon Jan 21 15:35:36 EST 2019","card"
"4","1","2","Mon Jan 21 15:35:55 EST 2019","card"
"4","2","1","Mon Jan 21 15:36:06 EST 2019","card"
"4","2","2","Mon Jan 21 15:36:21 EST 2019","card"
"4","3","1","Mon Jan 21 15:36:28 EST 2019","card"
"4","3","2","Mon Jan 21 15:36:38 EST 2019","card"
"4","4","1","Mon Jan 21 15:36:49 EST 2019","card"
"4","1","1","Mon Jan 21 15:47:21 EST 2019","book"
"4","2","1","Mon Jan 21 15:47:39 EST 2019","EndlessRunner"
"4","1","1","Mon Jan 21 15:48:25 EST 2019","Cross The Bridge"
"4","3","1","Mon Jan 21 15:48:50 EST 2019","decomone"
"4","4","1","Mon Jan 21 15:55:40 EST 2019","decomone"
"4","-1","3","Tue Jan 29 14:42:24 EST 2019","Bali"
"4","-1","3","Tue Jan 29 14:44:02 EST 2019","Bali"
"4","-1","3","Tue Jan 29 14:47:36 EST 2019","Bali"
"4","0","1","Tue Jan 29 14:48:39 EST 2019","story-catalogue"
"4","-1","3","Tue Jan 29 14:49:54 EST 2019","Bali"
"4","-1","3","Tue Jan 29 14:50:59 EST 2019","Bali"
"4","-1","3","Tue Jan 29 14:52:05 EST 2019","Bali"
"4","-1","3","Tue Jan 29 14:53:10 EST 2019","Bali"
"4","-1","3","Tue Jan 29 14:54:20 EST 2019","Bali"
"4","-1","3","Tue Jan 29 14:57:00 EST 2019","Bali"
"4","-1","3","Tue Jan 29 14:58:03 EST 2019","Bali"
"4","-1","3","Tue Jan 29 15:00:30 EST 2019","Bali"
"4","-1","3","Tue Jan 29 15:51:36 EST 2019","Bali"
"4","-1","3","Tue Jan 29 15:52:56 EST 2019","Bali"
"4","4","1","Tue Jan 29 15:54:24 EST 2019","decomone"
"4","4","2","Tue Jan 29 15:59:41 EST 2019","decomone"
"4","4","1","Tue Jan 29 16:00:06 EST 2019","decomone"
"4","2","1","Tue Jan 29 16:04:19 EST 2019","EndlessRunner"
"4","2","2","Tue Jan 29 16:08:10 EST 2019","EndlessRunner"
"4","2","1","Tue Jan 29 16:08:17 EST 2019","EndlessRunner"
"4","1","1","Tue Jan 29 16:08:34 EST 2019","Alphamon Feed"
"4","1","2","Tue Jan 29 16:08:51 EST 2019","Alphamon Feed"
"4","1","1","Tue Jan 29 16:09:05 EST 2019","Alphamon Feed"
"4","1","2","Tue Jan 29 16:09:26 EST 2019","Alphamon Feed"
"4","1","1","Tue Jan 29 16:09:34 EST 2019","Alphamon Feed"
"4","1","2","Tue Jan 29 16:09:50 EST 2019","Alphamon Feed"
"4","2","1","Tue Jan 29 16:09:57 EST 2019","Alphamon Feed"
"4","2","2","Tue Jan 29 16:10:16 EST 2019","Alphamon Feed"
"4","3","1","Tue Jan 29 16:10:22 EST 2019","Alphamon Feed"
"4","3","2","Tue Jan 29 16:10:43 EST 2019","Alphamon Feed"
"4","4","1","Tue Jan 29 16:10:54 EST 2019","Alphamon Feed"
"4","0","1","Tue Jan 29 16:11:57 EST 2019","story-catalogue"
"4","0","1","Tue Jan 29 16:12:04 EST 2019","story"
"4","1","2","Tue Jan 29 16:17:58 EST 2019","storyId_15"
"4","0","1","Tue Jan 29 16:18:17 EST 2019","story"
"4","-1","3","Wed Jan 30 03:14:37 EST 2019","Bali"
"4","0","1","Wed Jan 30 03:42:26 EST 2019","com.google.android.calculator"
"4","-1","1","Wed Jan 30 03:42:26 EST 2019","com.google.android.calculator"
"4","-1","3","Wed Jan 30 03:43:27 EST 2019","Bali"
"4","0","1","Wed Jan 30 04:22:24 EST 2019","com.google.android.apps.photos"
"4","-1","1","Wed Jan 30 04:22:24 EST 2019","com.google.android.apps.photos"
"4","-1","3","Wed Jan 30 04:23:24 EST 2019","Bali"
"4","-1","3","Wed Jan 30 04:24:52 EST 2019","Bali"
"4","-1","3","Wed Jan 30 04:25:24 EST 2019","Bali"
"4","0","1","Wed Jan 30 04:25:58 EST 2019","com.google.android.apps.wallpaper"
"4","-1","1","Wed Jan 30 04:25:58 EST 2019","com.google.android.apps.wallpaper"
"4","-1","3","Wed Jan 30 04:27:32 EST 2019","Bali"
"4","-1","3","Wed Jan 30 04:28:36 EST 2019","Bali"
"4","-1","3","Wed Jan 30 04:30:43 EST 2019","Bali"
"4","0","1","Wed Jan 30 04:33:02 EST 2019","story-catalogue"
"4","0","1","Wed Jan 30 04:33:12 EST 2019","story"
"4","-1","3","Wed Jan 30 04:41:38 EST 2019","Bali"
"4","-1","3","Wed Jan 30 04:42:52 EST 2019","Bali"
"4","-1","3","Wed Jan 30 04:44:13 EST 2019","Bali"
"4","-1","3","Wed Jan 30 04:44:32 EST 2019","Bali"
"4","-1","3","Wed Jan 30 04:45:32 EST 2019","Bali"
"4","-1","3","Wed Jan 30 04:46:52 EST 2019","Bali"
"4","-1","3","Wed Jan 30 04:47:32 EST 2019","Bali"
"1","56","1","Wed Jan 30 05:36:37 EST 2019","null"
"1","56","4","Wed Jan 30 05:36:37 EST 2019","null"
"4","56","2","Wed Jan 30 05:36:37 EST 2019","Bali"
"2","544","1","Wed Jan 30 05:36:37 EST 2019","null"
"3","166","1","Wed Jan 30 05:36:37 EST 2019","null"
"2","544","1","Wed Jan 30 05:36:37 EST 2019","null"
"3","445","1","Wed Jan 30 05:36:37 EST 2019","null"
"2","545","1","Wed Jan 30 05:36:38 EST 2019","null"
"3","167","1","Wed Jan 30 05:36:38 EST 2019","null"
"2","545","1","Wed Jan 30 05:36:38 EST 2019","null"
"3","931","1","Wed Jan 30 05:36:38 EST 2019","null"
"2","544","2","Wed Jan 30 05:36:39 EST 2019","null"
"2","546","1","Wed Jan 30 05:36:39 EST 2019","null"
"3","168","1","Wed Jan 30 05:36:39 EST 2019","null"
"2","546","1","Wed Jan 30 05:36:39 EST 2019","null"
"2","545","2","Wed Jan 30 05:36:39 EST 2019","null"
"2","547","1","Wed Jan 30 05:36:39 EST 2019","null"
"3","166","1","Wed Jan 30 05:36:39 EST 2019","null"
"2","547","1","Wed Jan 30 05:36:39 EST 2019","null"
"3","445","1","Wed Jan 30 05:36:39 EST 2019","null"
"2","546","2","Wed Jan 30 05:36:39 EST 2019","null"
"2","547","2","Wed Jan 30 05:36:40 EST 2019","null"
"2","548","1","Wed Jan 30 05:36:46 EST 2019","null"
"3","167","1","Wed Jan 30 05:36:46 EST 2019","null"
"2","548","1","Wed Jan 30 05:36:46 EST 2019","null"
"3","930","1","Wed Jan 30 05:36:46 EST 2019","null"
"2","549","1","Wed Jan 30 05:36:47 EST 2019","null"
"3","168","1","Wed Jan 30 05:36:47 EST 2019","null"
"2","549","1","Wed Jan 30 05:36:47 EST 2019","null"
"2","548","2","Wed Jan 30 05:36:47 EST 2019","null"
"2","550","1","Wed Jan 30 05:36:47 EST 2019","null"
"3","166","1","Wed Jan 30 05:36:47 EST 2019","null"
"2","550","1","Wed Jan 30 05:36:47 EST 2019","null"
"3","445","1","Wed Jan 30 05:36:47 EST 2019","null"
"2","549","2","Wed Jan 30 05:36:47 EST 2019","null"
"2","551","1","Wed Jan 30 05:36:47 EST 2019","null"
"3","167","1","Wed Jan 30 05:36:47 EST 2019","null"
"2","551","1","Wed Jan 30 05:36:47 EST 2019","null"
"3","1168","1","Wed Jan 30 05:36:48 EST 2019","null"
"2","550","2","Wed Jan 30 05:36:48 EST 2019","null"
"2","551","2","Wed Jan 30 05:36:50 EST 2019","null"
"2","552","1","Wed Jan 30 05:36:53 EST 2019","null"
"3","168","1","Wed Jan 30 05:36:53 EST 2019","null"
"2","552","1","Wed Jan 30 05:36:53 EST 2019","null"
"3","932","1","Wed Jan 30 05:36:54 EST 2019","null"
"4","56","2","Wed Jan 30 05:36:55 EST 2019","Bali"
"1","56","3","Wed Jan 30 05:36:56 EST 2019","null"
"1","56","2","Wed Jan 30 05:36:56 EST 2019","null"
"4","0","1","Wed Jan 30 05:36:59 EST 2019","org.godotengine.alphaworld"
"4","-1","1","Wed Jan 30 05:36:59 EST 2019","org.godotengine.alphaworld"
"4","-1","3","Wed Jan 30 05:38:05 EST 2019","Bali"
"4","-1","3","Wed Jan 30 05:39:06 EST 2019","Bali"
"4","-1","3","Wed Jan 30 05:40:08 EST 2019","Bali"
"1","56","1","Wed Jan 30 05:41:22 EST 2019","null"
"1","56","4","Wed Jan 30 05:41:22 EST 2019","null"
"1","56","3","Wed Jan 30 05:41:24 EST 2019","null"
"1","56","2","Wed Jan 30 05:41:24 EST 2019","null"
"1","34","1","Wed Jan 30 05:41:28 EST 2019","null"
"2","544","1","Wed Jan 30 05:41:28 EST 2019","null"
"3","166","1","Wed Jan 30 05:41:28 EST 2019","null"
"1","34","4","Wed Jan 30 05:41:28 EST 2019","null"
"2","544","1","Wed Jan 30 05:41:28 EST 2019","null"
"4","34","2","Wed Jan 30 05:41:28 EST 2019","Bali"
"3","445","1","Wed Jan 30 05:41:29 EST 2019","null"
"2","545","1","Wed Jan 30 05:41:29 EST 2019","null"
"3","167","1","Wed Jan 30 05:41:29 EST 2019","null"
"2","545","1","Wed Jan 30 05:41:29 EST 2019","null"
"2","544","2","Wed Jan 30 05:41:29 EST 2019","null"
"2","546","1","Wed Jan 30 05:41:29 EST 2019","null"
"3","168","1","Wed Jan 30 05:41:29 EST 2019","null"
"2","546","1","Wed Jan 30 05:41:29 EST 2019","null"
"3","932","1","Wed Jan 30 05:41:30 EST 2019","null"
"1","34","3","Wed Jan 30 05:41:32 EST 2019","null"
"1","34","2","Wed Jan 30 05:41:32 EST 2019","null"
"2","545","2","Wed Jan 30 05:41:32 EST 2019","null"
"2","546","2","Wed Jan 30 05:41:32 EST 2019","null"
"1","58","1","Wed Jan 30 05:41:54 EST 2019","null"
"2","334","1","Wed Jan 30 05:41:54 EST 2019","null"
"3","96","1","Wed Jan 30 05:41:54 EST 2019","null"
"1","58","4","Wed Jan 30 05:41:54 EST 2019","null"
"2","334","1","Wed Jan 30 05:41:54 EST 2019","null"
"4","58","2","Wed Jan 30 05:41:54 EST 2019","Bali"
"3","586","1","Wed Jan 30 05:41:55 EST 2019","null"
"1","58","3","Wed Jan 30 05:41:58 EST 2019","null"
"1","58","2","Wed Jan 30 05:41:58 EST 2019","null"
"2","334","2","Wed Jan 30 05:41:58 EST 2019","null"
"1","58","1","Wed Jan 30 05:41:59 EST 2019","null"
"2","562","1","Wed Jan 30 05:41:59 EST 2019","null"
"3","172","1","Wed Jan 30 05:41:59 EST 2019","null"
"1","58","4","Wed Jan 30 05:41:59 EST 2019","null"
"2","562","1","Wed Jan 30 05:41:59 EST 2019","null"
"4","58","2","Wed Jan 30 05:41:59 EST 2019","Bali"
"3","1220","1","Wed Jan 30 05:42:00 EST 2019","null"
"2","563","1","Wed Jan 30 05:42:01 EST 2019","null"
"3","173","1","Wed Jan 30 05:42:01 EST 2019","null"
"2","563","1","Wed Jan 30 05:42:01 EST 2019","null"
"3","831","1","Wed Jan 30 05:42:02 EST 2019","null"
"2","562","2","Wed Jan 30 05:42:03 EST 2019","null"
"2","564","1","Wed Jan 30 05:42:03 EST 2019","null"
"3","174","1","Wed Jan 30 05:42:03 EST 2019","null"
"2","564","1","Wed Jan 30 05:42:03 EST 2019","null"
"3","986","1","Wed Jan 30 05:42:03 EST 2019","null"
"2","563","2","Wed Jan 30 05:42:04 EST 2019","null"
"2","565","1","Wed Jan 30 05:42:04 EST 2019","null"
"3","175","1","Wed Jan 30 05:42:04 EST 2019","null"
"2","565","1","Wed Jan 30 05:42:04 EST 2019","null"
"3","1087","1","Wed Jan 30 05:42:05 EST 2019","null"
"2","564","2","Wed Jan 30 05:42:05 EST 2019","null"
"2","565","2","Wed Jan 30 05:42:07 EST 2019","null"
"2","566","1","Wed Jan 30 05:42:11 EST 2019","null"
"3","172","1","Wed Jan 30 05:42:11 EST 2019","null"
"2","566","1","Wed Jan 30 05:42:11 EST 2019","null"
"3","1220","1","Wed Jan 30 05:42:12 EST 2019","null"
"2","567","1","Wed Jan 30 05:42:13 EST 2019","null"
"3","173","1","Wed Jan 30 05:42:13 EST 2019","null"
"2","567","1","Wed Jan 30 05:42:13 EST 2019","null"
"3","482","1","Wed Jan 30 05:42:14 EST 2019","null"
"2","566","2","Wed Jan 30 05:42:14 EST 2019","null"
"2","568","1","Wed Jan 30 05:42:14 EST 2019","null"
"3","174","1","Wed Jan 30 05:42:14 EST 2019","null"
"2","568","1","Wed Jan 30 05:42:14 EST 2019","null"
"3","986","1","Wed Jan 30 05:42:15 EST 2019","null"
"2","567","2","Wed Jan 30 05:42:16 EST 2019","null"
"2","569","1","Wed Jan 30 05:42:16 EST 2019","null"
"3","175","1","Wed Jan 30 05:42:16 EST 2019","null"
"2","569","1","Wed Jan 30 05:42:16 EST 2019","null"
"3","1087","1","Wed Jan 30 05:42:17 EST 2019","null"
"2","568","2","Wed Jan 30 05:42:18 EST 2019","null"
"2","569","2","Wed Jan 30 05:42:19 EST 2019","null"
"2","570","1","Wed Jan 30 05:42:22 EST 2019","null"
"3","172","1","Wed Jan 30 05:42:22 EST 2019","null"
"2","570","1","Wed Jan 30 05:42:22 EST 2019","null"
"3","1220","1","Wed Jan 30 05:42:22 EST 2019","null"
"2","571","1","Wed Jan 30 05:42:23 EST 2019","null"
"3","173","1","Wed Jan 30 05:42:23 EST 2019","null"
"2","571","1","Wed Jan 30 05:42:23 EST 2019","null"
"3","1179","1","Wed Jan 30 05:42:24 EST 2019","null"
"2","570","2","Wed Jan 30 05:42:25 EST 2019","null"
"2","572","1","Wed Jan 30 05:42:25 EST 2019","null"
"3","174","1","Wed Jan 30 05:42:25 EST 2019","null"
"2","572","1","Wed Jan 30 05:42:25 EST 2019","null"
"3","986","1","Wed Jan 30 05:42:25 EST 2019","null"
"2","571","2","Wed Jan 30 05:42:26 EST 2019","null"
"2","573","1","Wed Jan 30 05:42:26 EST 2019","null"
"3","175","1","Wed Jan 30 05:42:26 EST 2019","null"
"2","573","1","Wed Jan 30 05:42:26 EST 2019","null"
"3","1087","1","Wed Jan 30 05:42:27 EST 2019","null"
"2","572","2","Wed Jan 30 05:42:28 EST 2019","null"
"2","573","2","Wed Jan 30 05:42:29 EST 2019","null"
"4","58","2","Wed Jan 30 05:42:32 EST 2019","Bali"
"1","58","3","Wed Jan 30 05:42:34 EST 2019","null"
"1","58","2","Wed Jan 30 05:42:34 EST 2019","null"
"4","0","1","Wed Jan 30 05:43:18 EST 2019","story-catalogue"
"4","2","1","Wed Jan 30 05:46:43 EST 2019","mathlearning"
"4","1","1","Wed Jan 30 05:47:35 EST 2019","Kung Fu Alpha"
"4","2","1","Wed Jan 30 05:48:03 EST 2019","Kung Fu Alpha"
"1","56","1","Wed Jan 30 05:48:09 EST 2019","null"
"1","56","4","Wed Jan 30 05:48:09 EST 2019","null"
"1","56","3","Wed Jan 30 05:48:10 EST 2019","null"
"1","56","2","Wed Jan 30 05:48:10 EST 2019","null"
"4","0","1","Wed Jan 30 05:48:13 EST 2019","com.google.android.GoogleCamera"
"4","-1","1","Wed Jan 30 05:48:13 EST 2019","com.google.android.GoogleCamera"
"4","-1","3","Wed Jan 30 05:49:14 EST 2019","Bali"
"4","-1","3","Wed Jan 30 05:50:47 EST 2019","Bali"
"4","-1","3","Wed Jan 30 05:52:06 EST 2019","Bali"
"4","-1","3","Wed Jan 30 05:53:08 EST 2019","Bali"
"4","-1","3","Wed Jan 30 05:54:12 EST 2019","Bali"
"4","-1","3","Wed Jan 30 05:55:16 EST 2019","Bali"
"4","-1","3","Wed Jan 30 05:56:31 EST 2019","Bali"
"4","-1","3","Wed Jan 30 05:57:34 EST 2019","Bali"
"4","11","1","Wed Jan 30 05:58:44 EST 2019","basiclettercase"
"4","11","2","Wed Jan 30 05:59:01 EST 2019","basiclettercase"
"4","11","1","Wed Jan 30 05:59:08 EST 2019","basiclettercase"
"4","11","2","Wed Jan 30 05:59:27 EST 2019","basiclettercase"
"4","11","1","Wed Jan 30 05:59:33 EST 2019","basiclettercase"
"4","3","1","Wed Jan 30 05:59:40 EST 2019","EndlessRunner"
"4","3","2","Wed Jan 30 06:01:26 EST 2019","EndlessRunner"
"4","4","1","Wed Jan 30 06:01:37 EST 2019","EndlessRunner"
"4","1","1","Wed Jan 30 06:01:53 EST 2019","dino"
"4","1","2","Wed Jan 30 06:03:20 EST 2019","dino"
"4","2","1","Wed Jan 30 06:03:36 EST 2019","dino"
"4","2","2","Wed Jan 30 06:04:58 EST 2019","dino"
"4","1","1","Wed Jan 30 06:05:11 EST 2019","Patch The Wall"
"4","1","1","Wed Jan 30 06:05:40 EST 2019","book"
"4","1","2","Wed Jan 30 06:07:22 EST 2019","book"
"4","2","1","Wed Jan 30 06:07:34 EST 2019","book"
"4","1","1","Wed Jan 30 06:07:42 EST 2019","alphamole"
"4","1","2","Wed Jan 30 06:08:55 EST 2019","alphamole"
"4","2","1","Wed Jan 30 06:09:08 EST 2019","alphamole"
"4","2","1","Wed Jan 30 06:09:26 EST 2019","bubble"
"4","2","2","Wed Jan 30 06:09:42 EST 2019","bubble"
"4","3","1","Wed Jan 30 06:09:53 EST 2019","bubble"
"4","3","2","Wed Jan 30 06:10:22 EST 2019","bubble"
"4","4","1","Wed Jan 30 06:10:32 EST 2019","bubble"
"4","1","1","Wed Jan 30 06:11:01 EST 2019","ConnectTheDots"
"4","1","2","Wed Jan 30 06:11:12 EST 2019","ConnectTheDots"
"4","2","1","Wed Jan 30 06:11:22 EST 2019","ConnectTheDots"
"4","2","2","Wed Jan 30 06:11:34 EST 2019","ConnectTheDots"
"4","3","1","Wed Jan 30 06:11:45 EST 2019","ConnectTheDots"
"4","3","2","Wed Jan 30 06:12:02 EST 2019","ConnectTheDots"
"4","4","1","Wed Jan 30 06:12:13 EST 2019","ConnectTheDots"
"4","4","2","Wed Jan 30 06:12:38 EST 2019","ConnectTheDots"
"4","5","1","Wed Jan 30 06:12:45 EST 2019","ConnectTheDots"
"4","5","2","Wed Jan 30 06:13:17 EST 2019","ConnectTheDots"
"4","6","1","Wed Jan 30 06:13:28 EST 2019","ConnectTheDots"
"4","6","2","Wed Jan 30 06:13:37 EST 2019","ConnectTheDots"
"4","7","1","Wed Jan 30 06:13:49 EST 2019","ConnectTheDots"
"4","7","2","Wed Jan 30 06:14:03 EST 2019","ConnectTheDots"
"4","8","1","Wed Jan 30 06:14:10 EST 2019","ConnectTheDots"
"4","8","2","Wed Jan 30 06:14:33 EST 2019","ConnectTheDots"
"4","9","1","Wed Jan 30 06:14:44 EST 2019","ConnectTheDots"
"4","9","2","Wed Jan 30 06:15:48 EST 2019","ConnectTheDots"
"4","10","1","Wed Jan 30 06:15:54 EST 2019","ConnectTheDots"
"4","10","2","Wed Jan 30 06:16:40 EST 2019","ConnectTheDots"
"4","10","1","Wed Jan 30 06:16:50 EST 2019","ConnectTheDots"
"4","1","1","Wed Jan 30 06:17:11 EST 2019","Dots"
"4","1","2","Wed Jan 30 06:17:21 EST 2019","Dots"
"4","2","1","Wed Jan 30 06:17:32 EST 2019","Dots"
"2","552","2","Wed Jan 30 06:18:40 EST 2019","null"
"4","0","1","Wed Jan 30 06:18:45 EST 2019","com.google.android.GoogleCamera"
"4","-1","1","Wed Jan 30 06:18:45 EST 2019","com.google.android.GoogleCamera"
"4","-1","3","Wed Jan 30 06:19:48 EST 2019","Bali"
"4","0","1","Wed Jan 30 06:22:47 EST 2019","story-catalogue"
"4","-1","3","Wed Jan 30 07:31:06 EST 2019","Bali"
"4","-1","3","Wed Jan 30 07:32:06 EST 2019","Bali"
"4","-1","3","Wed Jan 30 07:33:16 EST 2019","Bali"
"4","0","1","Wed Jan 30 07:37:00 EST 2019","story-catalogue"
"4","-1","3","Wed Jan 30 07:38:17 EST 2019","Bali"
"4","-1","3","Wed Jan 30 07:39:17 EST 2019","Bali"
"4","-1","3","Wed Jan 30 07:40:57 EST 2019","Bali"
"4","-1","3","Wed Jan 30 07:41:17 EST 2019","Bali"
"4","-1","3","Wed Jan 30 07:42:17 EST 2019","Bali"
"4","-1","3","Wed Jan 30 07:44:30 EST 2019","Bali"
"4","-1","3","Wed Jan 30 07:45:50 EST 2019","Bali"
"4","-1","3","Wed Jan 30 07:46:30 EST 2019","Bali"
"4","-1","3","Wed Jan 30 07:47:30 EST 2019","Bali"
"4","-1","3","Wed Jan 30 07:48:30 EST 2019","Bali"
"4","-1","3","Wed Jan 30 07:49:30 EST 2019","Bali"
"4","-1","3","Wed Jan 30 07:50:30 EST 2019","Bali"
"4","-1","3","Wed Jan 30 07:51:30 EST 2019","Bali"
"4","-1","3","Wed Jan 30 07:55:57 EST 2019","Bali"
"4","-1","3","Wed Jan 30 07:56:57 EST 2019","Bali"
"4","0","1","Wed Jan 30 07:57:26 EST 2019","story-catalogue"
"4","0","1","Wed Jan 30 07:57:39 EST 2019","story"
"4","-1","3","Wed Jan 30 08:01:51 EST 2019","Bali"
"4","-1","3","Wed Jan 30 08:03:12 EST 2019","Bali"
"4","-1","3","Wed Jan 30 08:04:12 EST 2019","Bali"
"4","-1","3","Wed Jan 30 08:05:27 EST 2019","Bali"
"4","-1","3","Wed Jan 30 08:06:29 EST 2019","Bali"
"4","-1","3","Wed Jan 30 08:08:07 EST 2019","Bali"
"4","-1","3","Wed Jan 30 08:09:10 EST 2019","Bali"
"4","-1","3","Wed Jan 30 08:10:47 EST 2019","Bali"
