"4","-1","3","Tue Dec 25 22:19:46 GMT+03:00 2018","Bali"
"4","-1","3","Tue Dec 25 22:20:48 GMT+03:00 2018","Bali"
"4","-1","3","Tue Dec 25 22:22:08 GMT+03:00 2018","Bali"
"4","-1","3","Tue Dec 25 22:23:09 GMT+03:00 2018","Bali"
"4","-1","3","Tue Dec 25 22:34:09 GMT+03:00 2018","Bali"
"4","-1","3","Tue Dec 25 22:35:29 GMT+03:00 2018","Bali"
"4","-1","3","Tue Dec 25 23:01:53 GMT+03:00 2018","Bali"
"4","-1","3","Tue Dec 25 23:02:56 GMT+03:00 2018","Bali"
"4","-1","3","Tue Dec 25 23:04:33 GMT+03:00 2018","Bali"
"4","-1","3","Tue Dec 25 23:05:37 GMT+03:00 2018","Bali"
"4","-1","3","Tue Dec 25 23:06:40 GMT+03:00 2018","Bali"
"4","-1","3","Tue Dec 25 23:07:47 GMT+03:00 2018","Bali"
"4","-1","3","Tue Dec 25 23:08:50 GMT+03:00 2018","Bali"
"4","-1","3","Tue Dec 25 23:09:57 GMT+03:00 2018","Bali"
"4","-1","3","Tue Dec 25 23:11:00 GMT+03:00 2018","Bali"
"4","-1","3","Tue Dec 25 23:12:37 GMT+03:00 2018","Bali"
"4","-1","3","Tue Dec 25 23:13:38 GMT+03:00 2018","Bali"
"4","-1","3","Tue Dec 25 23:34:29 GMT+03:00 2018","Bali"
"1","41","1","Tue Dec 25 23:35:03 GMT+03:00 2018","null"
"1","41","4","Tue Dec 25 23:35:03 GMT+03:00 2018","null"
"4","41","2","Tue Dec 25 23:35:03 GMT+03:00 2018","Bali"
"2","400","1","Tue Dec 25 23:35:03 GMT+03:00 2018","null"
"3","118","1","Tue Dec 25 23:35:03 GMT+03:00 2018","null"
"2","400","1","Tue Dec 25 23:35:03 GMT+03:00 2018","null"
"3","505","1","Tue Dec 25 23:35:04 GMT+03:00 2018","null"
"2","401","1","Tue Dec 25 23:35:05 GMT+03:00 2018","null"
"3","119","1","Tue Dec 25 23:35:05 GMT+03:00 2018","null"
"2","401","1","Tue Dec 25 23:35:05 GMT+03:00 2018","null"
"3","630","1","Tue Dec 25 23:35:05 GMT+03:00 2018","null"
"2","400","2","Tue Dec 25 23:35:06 GMT+03:00 2018","null"
"2","402","1","Tue Dec 25 23:35:06 GMT+03:00 2018","null"
"3","120","1","Tue Dec 25 23:35:06 GMT+03:00 2018","null"
"2","402","1","Tue Dec 25 23:35:06 GMT+03:00 2018","null"
"3","637","1","Tue Dec 25 23:35:06 GMT+03:00 2018","null"
"2","401","2","Tue Dec 25 23:35:08 GMT+03:00 2018","null"
"2","403","1","Tue Dec 25 23:35:08 GMT+03:00 2018","null"
"3","121","1","Tue Dec 25 23:35:08 GMT+03:00 2018","null"
"2","403","1","Tue Dec 25 23:35:08 GMT+03:00 2018","null"
"3","1444","1","Tue Dec 25 23:35:08 GMT+03:00 2018","null"
"2","402","2","Tue Dec 25 23:35:10 GMT+03:00 2018","null"
"2","403","2","Tue Dec 25 23:35:11 GMT+03:00 2018","null"
"2","404","1","Tue Dec 25 23:35:16 GMT+03:00 2018","null"
"3","118","1","Tue Dec 25 23:35:16 GMT+03:00 2018","null"
"2","404","1","Tue Dec 25 23:35:16 GMT+03:00 2018","null"
"3","1290","1","Tue Dec 25 23:35:16 GMT+03:00 2018","null"
"2","405","1","Tue Dec 25 23:35:17 GMT+03:00 2018","null"
"3","119","1","Tue Dec 25 23:35:17 GMT+03:00 2018","null"
"2","405","1","Tue Dec 25 23:35:17 GMT+03:00 2018","null"
"3","1157","1","Tue Dec 25 23:35:18 GMT+03:00 2018","null"
"2","404","2","Tue Dec 25 23:35:19 GMT+03:00 2018","null"
"2","406","1","Tue Dec 25 23:35:19 GMT+03:00 2018","null"
"3","120","1","Tue Dec 25 23:35:19 GMT+03:00 2018","null"
"2","406","1","Tue Dec 25 23:35:19 GMT+03:00 2018","null"
"3","638","1","Tue Dec 25 23:35:20 GMT+03:00 2018","null"
"2","405","2","Tue Dec 25 23:35:20 GMT+03:00 2018","null"
"2","407","1","Tue Dec 25 23:35:20 GMT+03:00 2018","null"
"3","121","1","Tue Dec 25 23:35:20 GMT+03:00 2018","null"
"2","407","1","Tue Dec 25 23:35:20 GMT+03:00 2018","null"
"3","1012","1","Tue Dec 25 23:35:21 GMT+03:00 2018","null"
"2","406","2","Tue Dec 25 23:35:22 GMT+03:00 2018","null"
"2","407","2","Tue Dec 25 23:35:23 GMT+03:00 2018","null"
"2","408","1","Tue Dec 25 23:35:27 GMT+03:00 2018","null"
"3","118","1","Tue Dec 25 23:35:27 GMT+03:00 2018","null"
"2","408","1","Tue Dec 25 23:35:27 GMT+03:00 2018","null"
"3","505","1","Tue Dec 25 23:35:28 GMT+03:00 2018","null"
"2","409","1","Tue Dec 25 23:35:29 GMT+03:00 2018","null"
"3","119","1","Tue Dec 25 23:35:29 GMT+03:00 2018","null"
"2","409","1","Tue Dec 25 23:35:29 GMT+03:00 2018","null"
"3","956","1","Tue Dec 25 23:35:29 GMT+03:00 2018","null"
"2","408","2","Tue Dec 25 23:35:32 GMT+03:00 2018","null"
"2","410","1","Tue Dec 25 23:35:32 GMT+03:00 2018","null"
"3","120","1","Tue Dec 25 23:35:32 GMT+03:00 2018","null"
"2","410","1","Tue Dec 25 23:35:32 GMT+03:00 2018","null"
"3","621","1","Tue Dec 25 23:35:32 GMT+03:00 2018","null"
"2","409","2","Tue Dec 25 23:35:33 GMT+03:00 2018","null"
"2","411","1","Tue Dec 25 23:35:33 GMT+03:00 2018","null"
"3","121","1","Tue Dec 25 23:35:33 GMT+03:00 2018","null"
"2","411","1","Tue Dec 25 23:35:33 GMT+03:00 2018","null"
"3","1444","1","Tue Dec 25 23:35:34 GMT+03:00 2018","null"
"2","410","2","Tue Dec 25 23:35:35 GMT+03:00 2018","null"
"2","411","2","Tue Dec 25 23:35:37 GMT+03:00 2018","null"
"4","41","2","Tue Dec 25 23:35:41 GMT+03:00 2018","Bali"
"1","41","3","Tue Dec 25 23:35:43 GMT+03:00 2018","null"
"1","41","2","Tue Dec 25 23:35:43 GMT+03:00 2018","null"
"4","0","1","Tue Dec 25 23:35:50 GMT+03:00 2018","com.google.android.apps.photos"
"4","-1","1","Tue Dec 25 23:35:50 GMT+03:00 2018","com.google.android.apps.photos"
"4","-1","3","Tue Dec 25 23:36:50 GMT+03:00 2018","Bali"
"4","-1","3","Tue Dec 25 23:37:52 GMT+03:00 2018","Bali"
"4","-1","3","Sat Dec 29 14:10:24 GMT+03:00 2018","Bali"
"4","-1","3","Sat Dec 29 14:13:04 GMT+03:00 2018","Bali"
"4","-1","3","Sat Dec 29 14:14:11 GMT+03:00 2018","Bali"
"4","-1","3","Sat Dec 29 14:15:13 GMT+03:00 2018","Bali"
"4","-1","3","Sat Dec 29 14:16:19 GMT+03:00 2018","Bali"
"4","-1","3","Sat Dec 29 14:17:22 GMT+03:00 2018","Bali"
"4","-1","3","Sat Dec 29 14:18:24 GMT+03:00 2018","Bali"
"4","-1","3","Sat Dec 29 14:20:02 GMT+03:00 2018","Bali"
"4","-1","3","Sat Dec 29 14:21:09 GMT+03:00 2018","Bali"
"4","-1","3","Sat Dec 29 14:22:12 GMT+03:00 2018","Bali"
"1","65","1","Sat Dec 29 14:22:54 GMT+03:00 2018","null"
"1","65","4","Sat Dec 29 14:22:54 GMT+03:00 2018","null"
"4","65","2","Sat Dec 29 14:22:54 GMT+03:00 2018","Bali"
"2","631","1","Sat Dec 29 14:22:54 GMT+03:00 2018","null"
"3","195","1","Sat Dec 29 14:22:54 GMT+03:00 2018","null"
"2","631","1","Sat Dec 29 14:22:54 GMT+03:00 2018","null"
"3","1057","1","Sat Dec 29 14:22:55 GMT+03:00 2018","null"
"2","632","1","Sat Dec 29 14:22:56 GMT+03:00 2018","null"
"3","196","1","Sat Dec 29 14:22:56 GMT+03:00 2018","null"
"2","632","1","Sat Dec 29 14:22:56 GMT+03:00 2018","null"
"3","1058","1","Sat Dec 29 14:22:57 GMT+03:00 2018","null"
"2","631","2","Sat Dec 29 14:22:58 GMT+03:00 2018","null"
"2","633","1","Sat Dec 29 14:22:58 GMT+03:00 2018","null"
"3","197","1","Sat Dec 29 14:22:58 GMT+03:00 2018","null"
"2","633","1","Sat Dec 29 14:22:58 GMT+03:00 2018","null"
"3","1235","1","Sat Dec 29 14:22:58 GMT+03:00 2018","null"
"2","632","2","Sat Dec 29 14:23:00 GMT+03:00 2018","null"
"2","634","1","Sat Dec 29 14:23:00 GMT+03:00 2018","null"
"3","195","1","Sat Dec 29 14:23:00 GMT+03:00 2018","null"
"2","634","1","Sat Dec 29 14:23:00 GMT+03:00 2018","null"
"3","1057","1","Sat Dec 29 14:23:00 GMT+03:00 2018","null"
"2","633","2","Sat Dec 29 14:23:01 GMT+03:00 2018","null"
"2","634","2","Sat Dec 29 14:23:02 GMT+03:00 2018","null"
"2","635","1","Sat Dec 29 14:23:07 GMT+03:00 2018","null"
"3","196","1","Sat Dec 29 14:23:07 GMT+03:00 2018","null"
"2","635","1","Sat Dec 29 14:23:07 GMT+03:00 2018","null"
"3","1058","1","Sat Dec 29 14:23:07 GMT+03:00 2018","null"
"2","636","1","Sat Dec 29 14:23:12 GMT+03:00 2018","null"
"3","197","1","Sat Dec 29 14:23:12 GMT+03:00 2018","null"
"2","636","1","Sat Dec 29 14:23:12 GMT+03:00 2018","null"
"3","1235","1","Sat Dec 29 14:23:14 GMT+03:00 2018","null"
"2","635","2","Sat Dec 29 14:23:19 GMT+03:00 2018","null"
"2","637","1","Sat Dec 29 14:23:19 GMT+03:00 2018","null"
"3","195","1","Sat Dec 29 14:23:19 GMT+03:00 2018","null"
"2","637","1","Sat Dec 29 14:23:19 GMT+03:00 2018","null"
"3","1057","1","Sat Dec 29 14:23:19 GMT+03:00 2018","null"
"2","636","2","Sat Dec 29 14:23:24 GMT+03:00 2018","null"
"2","638","1","Sat Dec 29 14:23:24 GMT+03:00 2018","null"
"3","196","1","Sat Dec 29 14:23:24 GMT+03:00 2018","null"
"2","638","1","Sat Dec 29 14:23:24 GMT+03:00 2018","null"
"3","1058","1","Sat Dec 29 14:23:25 GMT+03:00 2018","null"
"2","637","2","Sat Dec 29 14:23:27 GMT+03:00 2018","null"
"2","638","2","Sat Dec 29 14:23:29 GMT+03:00 2018","null"
"2","639","1","Sat Dec 29 14:23:39 GMT+03:00 2018","null"
"3","197","1","Sat Dec 29 14:23:39 GMT+03:00 2018","null"
"2","639","1","Sat Dec 29 14:23:39 GMT+03:00 2018","null"
"3","1235","1","Sat Dec 29 14:23:39 GMT+03:00 2018","null"
"4","65","2","Sat Dec 29 14:23:42 GMT+03:00 2018","Bali"
"1","65","3","Sat Dec 29 14:23:44 GMT+03:00 2018","null"
"1","65","2","Sat Dec 29 14:23:44 GMT+03:00 2018","null"
"4","0","1","Sat Dec 29 14:23:48 GMT+03:00 2018","com.google.android.apps.wallpaper"
"4","-1","1","Sat Dec 29 14:23:48 GMT+03:00 2018","com.google.android.apps.wallpaper"
"4","-1","3","Sat Dec 29 14:25:22 GMT+03:00 2018","Bali"
"4","-1","3","Sat Dec 29 14:26:24 GMT+03:00 2018","Bali"
"4","-1","3","Sat Dec 29 14:27:27 GMT+03:00 2018","Bali"
"4","-1","3","Sat Dec 29 14:29:04 GMT+03:00 2018","Bali"
"1","65","1","Sat Dec 29 14:30:06 GMT+03:00 2018","null"
"1","65","4","Sat Dec 29 14:30:06 GMT+03:00 2018","null"
"1","65","3","Sat Dec 29 14:30:08 GMT+03:00 2018","null"
"1","65","2","Sat Dec 29 14:30:08 GMT+03:00 2018","null"
"4","1","1","Sat Dec 29 14:32:33 GMT+03:00 2018","decomone"
"4","2","1","Sat Dec 29 14:32:53 GMT+03:00 2018","decomone"
"4","2","2","Sat Dec 29 14:35:08 GMT+03:00 2018","decomone"
"4","3","1","Sat Dec 29 14:35:22 GMT+03:00 2018","decomone"
"4","3","2","Sat Dec 29 14:37:09 GMT+03:00 2018","decomone"
"4","4","1","Sat Dec 29 14:37:16 GMT+03:00 2018","decomone"
"4","5","1","Sat Dec 29 14:38:50 GMT+03:00 2018","decomone"
"4","5","2","Sat Dec 29 14:41:06 GMT+03:00 2018","decomone"
"4","6","1","Sat Dec 29 14:41:13 GMT+03:00 2018","decomone"
"4","-1","3","Mon Dec 31 10:43:36 GMT+03:00 2018","Bali"
"4","-1","3","Mon Dec 31 10:44:38 GMT+03:00 2018","Bali"
"4","-1","3","Mon Dec 31 10:45:56 GMT+03:00 2018","Bali"
"4","-1","3","Mon Dec 31 10:47:16 GMT+03:00 2018","Bali"
"4","-1","3","Mon Dec 31 10:49:28 GMT+03:00 2018","Bali"
"4","-1","3","Mon Dec 31 10:51:16 GMT+03:00 2018","Bali"
"4","-1","3","Mon Dec 31 10:52:18 GMT+03:00 2018","Bali"
"1","48","1","Mon Dec 31 10:53:41 GMT+03:00 2018","null"
"1","48","4","Mon Dec 31 10:53:41 GMT+03:00 2018","null"
"4","48","2","Mon Dec 31 10:53:41 GMT+03:00 2018","Bali"
"2","469","1","Mon Dec 31 10:53:41 GMT+03:00 2018","null"
"3","141","1","Mon Dec 31 10:53:41 GMT+03:00 2018","null"
"2","469","1","Mon Dec 31 10:53:41 GMT+03:00 2018","null"
"3","1027","1","Mon Dec 31 10:53:42 GMT+03:00 2018","null"
"2","470","1","Mon Dec 31 10:53:43 GMT+03:00 2018","null"
"3","142","1","Mon Dec 31 10:53:44 GMT+03:00 2018","null"
"2","470","1","Mon Dec 31 10:53:44 GMT+03:00 2018","null"
"3","858","1","Mon Dec 31 10:53:44 GMT+03:00 2018","null"
"2","469","2","Mon Dec 31 10:53:45 GMT+03:00 2018","null"
"2","471","1","Mon Dec 31 10:53:45 GMT+03:00 2018","null"
"3","143","1","Mon Dec 31 10:53:45 GMT+03:00 2018","null"
"2","471","1","Mon Dec 31 10:53:45 GMT+03:00 2018","null"
"3","802","1","Mon Dec 31 10:53:47 GMT+03:00 2018","null"
"2","470","2","Mon Dec 31 10:53:48 GMT+03:00 2018","null"
"2","472","1","Mon Dec 31 10:53:48 GMT+03:00 2018","null"
"3","141","1","Mon Dec 31 10:53:48 GMT+03:00 2018","null"
"2","472","1","Mon Dec 31 10:53:48 GMT+03:00 2018","null"
"3","1260","1","Mon Dec 31 10:53:49 GMT+03:00 2018","null"
"2","471","2","Mon Dec 31 10:53:50 GMT+03:00 2018","null"
"2","472","2","Mon Dec 31 10:53:52 GMT+03:00 2018","null"
"2","473","1","Mon Dec 31 10:53:56 GMT+03:00 2018","null"
"3","142","1","Mon Dec 31 10:53:56 GMT+03:00 2018","null"
"2","473","1","Mon Dec 31 10:53:56 GMT+03:00 2018","null"
"3","844","1","Mon Dec 31 10:53:57 GMT+03:00 2018","null"
"2","474","1","Mon Dec 31 10:53:57 GMT+03:00 2018","null"
"3","143","1","Mon Dec 31 10:53:57 GMT+03:00 2018","null"
"2","474","1","Mon Dec 31 10:53:57 GMT+03:00 2018","null"
"3","803","1","Mon Dec 31 10:53:58 GMT+03:00 2018","null"
"2","473","2","Mon Dec 31 10:53:58 GMT+03:00 2018","null"
"2","475","1","Mon Dec 31 10:53:58 GMT+03:00 2018","null"
"3","141","1","Mon Dec 31 10:53:58 GMT+03:00 2018","null"
"2","475","1","Mon Dec 31 10:53:58 GMT+03:00 2018","null"
"3","1027","1","Mon Dec 31 10:53:59 GMT+03:00 2018","null"
"2","474","2","Mon Dec 31 10:54:00 GMT+03:00 2018","null"
"2","476","1","Mon Dec 31 10:54:00 GMT+03:00 2018","null"
"3","142","1","Mon Dec 31 10:54:00 GMT+03:00 2018","null"
"2","476","1","Mon Dec 31 10:54:00 GMT+03:00 2018","null"
"3","835","1","Mon Dec 31 10:54:00 GMT+03:00 2018","null"
"2","475","2","Mon Dec 31 10:54:01 GMT+03:00 2018","null"
"2","476","2","Mon Dec 31 10:54:03 GMT+03:00 2018","null"
"2","477","1","Mon Dec 31 10:54:08 GMT+03:00 2018","null"
"3","143","1","Mon Dec 31 10:54:08 GMT+03:00 2018","null"
"2","477","1","Mon Dec 31 10:54:08 GMT+03:00 2018","null"
"3","801","1","Mon Dec 31 10:54:09 GMT+03:00 2018","null"
"4","48","2","Mon Dec 31 10:54:12 GMT+03:00 2018","Bali"
"1","48","3","Mon Dec 31 10:54:14 GMT+03:00 2018","null"
"1","48","2","Mon Dec 31 10:54:14 GMT+03:00 2018","null"
"4","0","1","Mon Dec 31 10:54:20 GMT+03:00 2018","com.google.android.calculator"
"4","-1","1","Mon Dec 31 10:54:20 GMT+03:00 2018","com.google.android.calculator"
"4","-1","3","Mon Dec 31 10:55:20 GMT+03:00 2018","Bali"
"4","-1","3","Mon Dec 31 10:57:11 GMT+03:00 2018","Bali"
"4","-1","3","Mon Dec 31 10:58:12 GMT+03:00 2018","Bali"
"4","-1","3","Mon Dec 31 10:59:17 GMT+03:00 2018","Bali"
"2","477","2","Mon Dec 31 10:59:50 GMT+03:00 2018","null"
"4","-1","3","Mon Dec 31 11:00:55 GMT+03:00 2018","Bali"
"4","-1","3","Mon Dec 31 11:02:31 GMT+03:00 2018","Bali"
"4","-1","3","Mon Dec 31 11:03:51 GMT+03:00 2018","Bali"
"4","-1","3","Mon Dec 31 11:04:54 GMT+03:00 2018","Bali"
"4","-1","3","Mon Dec 31 11:06:31 GMT+03:00 2018","Bali"
"1","30","1","Mon Dec 31 14:07:02 GMT+03:00 2018","null"
"1","30","4","Mon Dec 31 14:07:02 GMT+03:00 2018","null"
"4","30","2","Mon Dec 31 14:07:02 GMT+03:00 2018","Bali"
"2","295","1","Mon Dec 31 14:07:02 GMT+03:00 2018","null"
"3","83","1","Mon Dec 31 14:07:02 GMT+03:00 2018","null"
"2","295","1","Mon Dec 31 14:07:02 GMT+03:00 2018","null"
"1","30","3","Mon Dec 31 14:07:02 GMT+03:00 2018","null"
"1","30","2","Mon Dec 31 14:07:03 GMT+03:00 2018","null"
"4","-1","3","Mon Dec 31 14:08:32 GMT+03:00 2018","Bali"
"4","-1","3","Mon Dec 31 14:09:35 GMT+03:00 2018","Bali"
"4","-1","3","Mon Dec 31 14:10:46 GMT+03:00 2018","Bali"
"4","-1","3","Mon Dec 31 14:12:15 GMT+03:00 2018","Bali"
"4","-1","3","Mon Dec 31 14:13:18 GMT+03:00 2018","Bali"
"4","-1","3","Mon Dec 31 14:14:22 GMT+03:00 2018","Bali"
"4","-1","3","Mon Dec 31 14:15:24 GMT+03:00 2018","Bali"
"4","-1","3","Mon Dec 31 14:16:27 GMT+03:00 2018","Bali"
"4","-1","3","Mon Dec 31 14:17:30 GMT+03:00 2018","Bali"
"4","-1","3","Mon Dec 31 14:19:07 GMT+03:00 2018","Bali"
"4","-1","3","Mon Dec 31 14:20:08 GMT+03:00 2018","Bali"
"4","-1","3","Mon Dec 31 14:21:54 GMT+03:00 2018","Bali"
"4","-1","3","Mon Dec 31 14:22:56 GMT+03:00 2018","Bali"
"2","295","2","Mon Dec 31 14:23:43 GMT+03:00 2018","null"
"4","-1","3","Mon Dec 31 15:49:09 GMT+03:00 2018","Bali"
"4","-1","3","Mon Dec 31 15:50:55 GMT+03:00 2018","Bali"
"1","22","1","Mon Dec 31 15:51:54 GMT+03:00 2018","null"
"1","22","4","Mon Dec 31 15:51:54 GMT+03:00 2018","null"
"4","22","2","Mon Dec 31 15:51:54 GMT+03:00 2018","Bali"
"2","220","1","Mon Dec 31 15:51:54 GMT+03:00 2018","null"
"3","58","1","Mon Dec 31 15:51:54 GMT+03:00 2018","null"
"2","220","1","Mon Dec 31 15:51:54 GMT+03:00 2018","null"
"3","497","1","Mon Dec 31 15:51:54 GMT+03:00 2018","null"
"2","221","1","Mon Dec 31 15:51:55 GMT+03:00 2018","null"
"3","59","1","Mon Dec 31 15:51:55 GMT+03:00 2018","null"
"2","221","1","Mon Dec 31 15:51:55 GMT+03:00 2018","null"
"3","495","1","Mon Dec 31 15:51:58 GMT+03:00 2018","null"
"2","220","2","Mon Dec 31 15:51:59 GMT+03:00 2018","null"
"2","222","1","Mon Dec 31 15:51:59 GMT+03:00 2018","null"
"3","60","1","Mon Dec 31 15:51:59 GMT+03:00 2018","null"
"2","222","1","Mon Dec 31 15:51:59 GMT+03:00 2018","null"
"3","502","1","Mon Dec 31 15:51:59 GMT+03:00 2018","null"
"2","221","2","Mon Dec 31 15:52:00 GMT+03:00 2018","null"
"2","223","1","Mon Dec 31 15:52:00 GMT+03:00 2018","null"
"3","58","1","Mon Dec 31 15:52:00 GMT+03:00 2018","null"
"2","223","1","Mon Dec 31 15:52:00 GMT+03:00 2018","null"
"3","500","1","Mon Dec 31 15:52:01 GMT+03:00 2018","null"
"2","222","2","Mon Dec 31 15:52:01 GMT+03:00 2018","null"
"2","223","2","Mon Dec 31 15:52:02 GMT+03:00 2018","null"
"2","224","1","Mon Dec 31 15:52:05 GMT+03:00 2018","null"
"3","59","1","Mon Dec 31 15:52:05 GMT+03:00 2018","null"
"2","224","1","Mon Dec 31 15:52:05 GMT+03:00 2018","null"
"3","495","1","Mon Dec 31 15:52:06 GMT+03:00 2018","null"
"2","225","1","Mon Dec 31 15:52:06 GMT+03:00 2018","null"
"3","60","1","Mon Dec 31 15:52:06 GMT+03:00 2018","null"
"2","225","1","Mon Dec 31 15:52:06 GMT+03:00 2018","null"
"3","501","1","Mon Dec 31 15:52:06 GMT+03:00 2018","null"
"2","224","2","Mon Dec 31 15:52:07 GMT+03:00 2018","null"
"2","226","1","Mon Dec 31 15:52:07 GMT+03:00 2018","null"
"3","58","1","Mon Dec 31 15:52:07 GMT+03:00 2018","null"
"2","226","1","Mon Dec 31 15:52:07 GMT+03:00 2018","null"
"3","496","1","Mon Dec 31 15:52:07 GMT+03:00 2018","null"
"2","225","2","Mon Dec 31 15:52:08 GMT+03:00 2018","null"
"2","227","1","Mon Dec 31 15:52:08 GMT+03:00 2018","null"
"3","59","1","Mon Dec 31 15:52:08 GMT+03:00 2018","null"
"2","227","1","Mon Dec 31 15:52:08 GMT+03:00 2018","null"
"3","495","1","Mon Dec 31 15:52:08 GMT+03:00 2018","null"
"2","226","2","Mon Dec 31 15:52:09 GMT+03:00 2018","null"
"2","227","2","Mon Dec 31 15:52:10 GMT+03:00 2018","null"
"2","228","1","Mon Dec 31 15:52:11 GMT+03:00 2018","null"
"3","60","1","Mon Dec 31 15:52:11 GMT+03:00 2018","null"
"2","228","1","Mon Dec 31 15:52:11 GMT+03:00 2018","null"
"3","1057","1","Mon Dec 31 15:52:12 GMT+03:00 2018","null"
"4","22","2","Mon Dec 31 15:52:12 GMT+03:00 2018","Bali"
"1","22","3","Mon Dec 31 15:52:12 GMT+03:00 2018","null"
"1","22","2","Mon Dec 31 15:52:12 GMT+03:00 2018","null"
"4","0","1","Mon Dec 31 15:52:15 GMT+03:00 2018","com.google.android.apps.photos"
"4","-1","1","Mon Dec 31 15:52:15 GMT+03:00 2018","com.google.android.apps.photos"
"4","-1","3","Mon Dec 31 15:53:15 GMT+03:00 2018","Bali"
"2","228","2","Mon Dec 31 15:53:18 GMT+03:00 2018","null"
"4","-1","3","Mon Dec 31 15:54:20 GMT+03:00 2018","Bali"
"4","-1","3","Mon Dec 31 15:55:22 GMT+03:00 2018","Bali"
"4","-1","3","Mon Dec 31 15:56:23 GMT+03:00 2018","Bali"
"4","-1","3","Mon Dec 31 15:57:25 GMT+03:00 2018","Bali"
"4","-1","3","Mon Dec 31 15:59:03 GMT+03:00 2018","Bali"
"4","-1","3","Mon Dec 31 16:00:09 GMT+03:00 2018","Bali"
"4","-1","3","Mon Dec 31 16:01:10 GMT+03:00 2018","Bali"
"4","-1","3","Mon Dec 31 16:02:31 GMT+03:00 2018","Bali"
"4","-1","3","Mon Dec 31 16:03:33 GMT+03:00 2018","Bali"
"4","-1","3","Mon Dec 31 16:05:11 GMT+03:00 2018","Bali"
"4","-1","3","Mon Dec 31 16:06:38 GMT+03:00 2018","Bali"
"4","-1","3","Mon Dec 31 16:07:51 GMT+03:00 2018","Bali"
"4","-1","3","Mon Dec 31 16:08:54 GMT+03:00 2018","Bali"
"4","-1","3","Mon Dec 31 16:10:31 GMT+03:00 2018","Bali"
"4","-1","3","Mon Dec 31 16:11:33 GMT+03:00 2018","Bali"
"4","-1","3","Mon Dec 31 16:13:11 GMT+03:00 2018","Bali"
"4","-1","3","Mon Dec 31 16:14:13 GMT+03:00 2018","Bali"
"4","-1","3","Mon Dec 31 16:15:32 GMT+03:00 2018","Bali"
"4","-1","3","Mon Dec 31 16:16:59 GMT+03:00 2018","Bali"
"4","-1","3","Mon Dec 31 16:18:01 GMT+03:00 2018","Bali"
"4","-1","3","Mon Dec 31 16:19:04 GMT+03:00 2018","Bali"
"4","-1","3","Mon Dec 31 16:20:05 GMT+03:00 2018","Bali"
"4","-1","3","Mon Dec 31 16:21:11 GMT+03:00 2018","Bali"
"4","-1","3","Mon Dec 31 16:22:13 GMT+03:00 2018","Bali"
"4","-1","3","Mon Dec 31 16:23:51 GMT+03:00 2018","Bali"
"4","-1","3","Mon Dec 31 16:24:53 GMT+03:00 2018","Bali"
"4","-1","3","Mon Dec 31 16:41:41 GMT+03:00 2018","Bali"
"4","-1","3","Mon Dec 31 16:42:45 GMT+03:00 2018","Bali"
"4","-1","3","Mon Dec 31 16:45:45 GMT+03:00 2018","Bali"
"4","-1","3","Mon Dec 31 16:46:50 GMT+03:00 2018","Bali"
"4","-1","3","Mon Dec 31 16:48:01 GMT+03:00 2018","Bali"
"4","-1","3","Mon Dec 31 16:49:03 GMT+03:00 2018","Bali"
"4","-1","3","Mon Dec 31 16:50:41 GMT+03:00 2018","Bali"
"4","-1","3","Mon Dec 31 16:53:11 GMT+03:00 2018","Bali"
"4","-1","3","Mon Dec 31 16:54:31 GMT+03:00 2018","Bali"
"4","-1","3","Mon Dec 31 16:55:38 GMT+03:00 2018","Bali"
"4","-1","3","Mon Dec 31 16:57:11 GMT+03:00 2018","Bali"
"4","-1","3","Mon Dec 31 16:58:14 GMT+03:00 2018","Bali"
"4","-1","3","Mon Dec 31 16:59:51 GMT+03:00 2018","Bali"
"4","-1","3","Mon Dec 31 17:00:54 GMT+03:00 2018","Bali"
"4","-1","3","Mon Dec 31 17:02:37 GMT+03:00 2018","Bali"
"4","-1","3","Mon Dec 31 17:04:17 GMT+03:00 2018","Bali"
"4","-1","3","Mon Dec 31 17:05:21 GMT+03:00 2018","Bali"
"4","-1","3","Mon Dec 31 17:06:24 GMT+03:00 2018","Bali"
"4","-1","3","Mon Dec 31 17:08:01 GMT+03:00 2018","Bali"
"4","-1","3","Mon Dec 31 17:09:03 GMT+03:00 2018","Bali"
"4","-1","3","Mon Dec 31 17:10:41 GMT+03:00 2018","Bali"
"4","-1","3","Mon Dec 31 17:11:43 GMT+03:00 2018","Bali"
"4","-1","3","Mon Dec 31 17:13:21 GMT+03:00 2018","Bali"
"4","-1","3","Mon Dec 31 17:14:23 GMT+03:00 2018","Bali"
"4","-1","3","Mon Dec 31 17:15:25 GMT+03:00 2018","Bali"
"4","-1","3","Mon Dec 31 17:16:27 GMT+03:00 2018","Bali"
"4","-1","3","Mon Dec 31 17:18:25 GMT+03:00 2018","Bali"
"4","-1","3","Mon Dec 31 17:19:29 GMT+03:00 2018","Bali"
"4","-1","3","Mon Dec 31 17:20:41 GMT+03:00 2018","Bali"
"4","-1","3","Mon Dec 31 17:21:43 GMT+03:00 2018","Bali"
"4","-1","3","Mon Dec 31 17:23:21 GMT+03:00 2018","Bali"
"4","-1","3","Mon Dec 31 17:24:23 GMT+03:00 2018","Bali"
"4","-1","3","Mon Dec 31 17:26:01 GMT+03:00 2018","Bali"
"4","-1","3","Mon Dec 31 17:27:48 GMT+03:00 2018","Bali"
"4","-1","3","Wed Jan 02 18:43:27 GMT+03:00 2019","Bali"
"4","-1","3","Wed Jan 02 18:44:47 GMT+03:00 2019","Bali"
"4","-1","3","Wed Jan 02 18:45:49 GMT+03:00 2019","Bali"
"4","-1","3","Wed Jan 02 18:47:27 GMT+03:00 2019","Bali"
"4","-1","3","Wed Jan 02 18:48:29 GMT+03:00 2019","Bali"
"4","-1","3","Wed Jan 02 18:50:07 GMT+03:00 2019","Bali"
"4","-1","3","Wed Jan 02 18:51:09 GMT+03:00 2019","Bali"
"4","-1","3","Wed Jan 02 18:52:11 GMT+03:00 2019","Bali"
"4","-1","3","Wed Jan 02 18:53:13 GMT+03:00 2019","Bali"
"4","-1","3","Wed Jan 02 18:54:15 GMT+03:00 2019","Bali"
"4","-1","3","Wed Jan 02 18:55:53 GMT+03:00 2019","Bali"
"4","-1","3","Wed Jan 02 18:56:55 GMT+03:00 2019","Bali"
"4","-1","3","Wed Jan 02 18:58:33 GMT+03:00 2019","Bali"
"4","-1","3","Wed Jan 02 18:59:35 GMT+03:00 2019","Bali"
"4","-1","3","Wed Jan 02 19:01:13 GMT+03:00 2019","Bali"
"4","-1","3","Wed Jan 02 19:02:15 GMT+03:00 2019","Bali"
"4","-1","3","Wed Jan 02 19:03:53 GMT+03:00 2019","Bali"
"4","-1","3","Wed Jan 02 19:04:55 GMT+03:00 2019","Bali"
"4","-1","3","Wed Jan 02 19:05:56 GMT+03:00 2019","Bali"
"4","-1","3","Wed Jan 02 19:06:58 GMT+03:00 2019","Bali"
"4","-1","3","Wed Jan 02 19:08:08 GMT+03:00 2019","Bali"
"4","-1","3","Wed Jan 02 19:09:09 GMT+03:00 2019","Bali"
"4","-1","3","Wed Jan 02 19:10:11 GMT+03:00 2019","Bali"
"4","-1","3","Wed Jan 02 19:11:53 GMT+03:00 2019","Bali"
"4","-1","3","Wed Jan 02 19:12:56 GMT+03:00 2019","Bali"
"4","-1","3","Wed Jan 02 19:14:33 GMT+03:00 2019","Bali"
"4","-1","3","Wed Jan 02 19:15:35 GMT+03:00 2019","Bali"
"4","-1","3","Wed Jan 02 19:16:36 GMT+03:00 2019","Bali"
"4","-1","3","Wed Jan 02 19:17:37 GMT+03:00 2019","Bali"
"4","-1","3","Wed Jan 02 19:18:40 GMT+03:00 2019","Bali"
"4","-1","3","Wed Jan 02 19:19:43 GMT+03:00 2019","Bali"
"4","-1","3","Wed Jan 02 19:21:20 GMT+03:00 2019","Bali"
"4","-1","3","Wed Jan 02 19:22:26 GMT+03:00 2019","Bali"
"4","-1","3","Wed Jan 02 19:24:33 GMT+03:00 2019","Bali"
"4","-1","3","Wed Jan 02 19:25:38 GMT+03:00 2019","Bali"
"4","-1","3","Wed Jan 02 19:27:13 GMT+03:00 2019","Bali"
"4","-1","3","Wed Jan 02 19:28:15 GMT+03:00 2019","Bali"
"4","-1","3","Wed Jan 02 19:29:53 GMT+03:00 2019","Bali"
"4","-1","3","Wed Jan 02 19:30:55 GMT+03:00 2019","Bali"
"1","18","1","Wed Jan 02 19:31:28 GMT+03:00 2019","null"
"1","18","4","Wed Jan 02 19:31:28 GMT+03:00 2019","null"
"4","18","2","Wed Jan 02 19:31:28 GMT+03:00 2019","Bali"
"2","181","1","Wed Jan 02 19:31:28 GMT+03:00 2019","null"
"3","45","1","Wed Jan 02 19:31:28 GMT+03:00 2019","null"
"2","181","1","Wed Jan 02 19:31:28 GMT+03:00 2019","null"
"3","1492","1","Wed Jan 02 19:31:29 GMT+03:00 2019","null"
"2","182","1","Wed Jan 02 19:31:31 GMT+03:00 2019","null"
"3","46","1","Wed Jan 02 19:31:31 GMT+03:00 2019","null"
"2","182","1","Wed Jan 02 19:31:31 GMT+03:00 2019","null"
"3","1532","1","Wed Jan 02 19:31:31 GMT+03:00 2019","null"
"2","181","2","Wed Jan 02 19:31:34 GMT+03:00 2019","null"
"2","183","1","Wed Jan 02 19:31:34 GMT+03:00 2019","null"
"3","47","1","Wed Jan 02 19:31:34 GMT+03:00 2019","null"
"2","183","1","Wed Jan 02 19:31:34 GMT+03:00 2019","null"
"3","1551","1","Wed Jan 02 19:31:34 GMT+03:00 2019","null"
"2","182","2","Wed Jan 02 19:31:35 GMT+03:00 2019","null"
"2","184","1","Wed Jan 02 19:31:35 GMT+03:00 2019","null"
"3","48","1","Wed Jan 02 19:31:35 GMT+03:00 2019","null"
"2","184","1","Wed Jan 02 19:31:35 GMT+03:00 2019","null"
"3","1553","1","Wed Jan 02 19:31:36 GMT+03:00 2019","null"
"2","183","2","Wed Jan 02 19:31:37 GMT+03:00 2019","null"
"2","184","2","Wed Jan 02 19:31:39 GMT+03:00 2019","null"
"2","185","1","Wed Jan 02 19:31:46 GMT+03:00 2019","null"
"3","45","1","Wed Jan 02 19:31:46 GMT+03:00 2019","null"
"2","185","1","Wed Jan 02 19:31:46 GMT+03:00 2019","null"
"3","1493","1","Wed Jan 02 19:31:50 GMT+03:00 2019","null"
"2","186","1","Wed Jan 02 19:31:51 GMT+03:00 2019","null"
"3","46","1","Wed Jan 02 19:31:51 GMT+03:00 2019","null"
"2","186","1","Wed Jan 02 19:31:51 GMT+03:00 2019","null"
"3","1534","1","Wed Jan 02 19:31:52 GMT+03:00 2019","null"
"2","185","2","Wed Jan 02 19:31:52 GMT+03:00 2019","null"
"2","187","1","Wed Jan 02 19:31:52 GMT+03:00 2019","null"
"3","47","1","Wed Jan 02 19:31:52 GMT+03:00 2019","null"
"2","187","1","Wed Jan 02 19:31:52 GMT+03:00 2019","null"
"3","1552","1","Wed Jan 02 19:31:53 GMT+03:00 2019","null"
"2","186","2","Wed Jan 02 19:31:54 GMT+03:00 2019","null"
"2","188","1","Wed Jan 02 19:31:54 GMT+03:00 2019","null"
"3","48","1","Wed Jan 02 19:31:54 GMT+03:00 2019","null"
"2","188","1","Wed Jan 02 19:31:54 GMT+03:00 2019","null"
"3","1557","1","Wed Jan 02 19:31:54 GMT+03:00 2019","null"
"2","187","2","Wed Jan 02 19:31:55 GMT+03:00 2019","null"
"2","188","2","Wed Jan 02 19:31:57 GMT+03:00 2019","null"
"2","189","1","Wed Jan 02 19:32:03 GMT+03:00 2019","null"
"3","45","1","Wed Jan 02 19:32:03 GMT+03:00 2019","null"
"2","189","1","Wed Jan 02 19:32:03 GMT+03:00 2019","null"
"3","1494","1","Wed Jan 02 19:32:04 GMT+03:00 2019","null"
"2","190","1","Wed Jan 02 19:32:05 GMT+03:00 2019","null"
"3","46","1","Wed Jan 02 19:32:05 GMT+03:00 2019","null"
"2","190","1","Wed Jan 02 19:32:05 GMT+03:00 2019","null"
"3","1536","1","Wed Jan 02 19:32:05 GMT+03:00 2019","null"
"2","189","2","Wed Jan 02 19:32:06 GMT+03:00 2019","null"
"2","191","1","Wed Jan 02 19:32:06 GMT+03:00 2019","null"
"3","47","1","Wed Jan 02 19:32:06 GMT+03:00 2019","null"
"2","191","1","Wed Jan 02 19:32:06 GMT+03:00 2019","null"
"3","1550","1","Wed Jan 02 19:32:07 GMT+03:00 2019","null"
"2","190","2","Wed Jan 02 19:32:08 GMT+03:00 2019","null"
"2","192","1","Wed Jan 02 19:32:08 GMT+03:00 2019","null"
"3","48","1","Wed Jan 02 19:32:08 GMT+03:00 2019","null"
"2","192","1","Wed Jan 02 19:32:08 GMT+03:00 2019","null"
"3","1554","1","Wed Jan 02 19:32:09 GMT+03:00 2019","null"
"2","191","2","Wed Jan 02 19:32:10 GMT+03:00 2019","null"
"2","192","2","Wed Jan 02 19:32:10 GMT+03:00 2019","null"
"4","18","2","Wed Jan 02 19:32:15 GMT+03:00 2019","Bali"
"1","18","3","Wed Jan 02 19:32:17 GMT+03:00 2019","null"
"1","18","2","Wed Jan 02 19:32:17 GMT+03:00 2019","null"
"1","18","1","Wed Jan 02 19:34:48 GMT+03:00 2019","null"
"1","18","4","Wed Jan 02 19:34:48 GMT+03:00 2019","null"
"1","18","3","Wed Jan 02 19:34:51 GMT+03:00 2019","null"
"1","18","2","Wed Jan 02 19:34:51 GMT+03:00 2019","null"
"1","49","1","Wed Jan 02 19:35:28 GMT+03:00 2019","null"
"2","181","1","Wed Jan 02 19:35:28 GMT+03:00 2019","null"
"3","45","1","Wed Jan 02 19:35:28 GMT+03:00 2019","null"
"1","49","4","Wed Jan 02 19:35:28 GMT+03:00 2019","null"
"2","181","1","Wed Jan 02 19:35:28 GMT+03:00 2019","null"
"4","49","2","Wed Jan 02 19:35:28 GMT+03:00 2019","Bali"
"3","1492","1","Wed Jan 02 19:35:29 GMT+03:00 2019","null"
"2","182","1","Wed Jan 02 19:35:31 GMT+03:00 2019","null"
"3","46","1","Wed Jan 02 19:35:31 GMT+03:00 2019","null"
"2","182","1","Wed Jan 02 19:35:31 GMT+03:00 2019","null"
"3","1532","1","Wed Jan 02 19:35:31 GMT+03:00 2019","null"
"2","181","2","Wed Jan 02 19:35:33 GMT+03:00 2019","null"
"2","183","1","Wed Jan 02 19:35:33 GMT+03:00 2019","null"
"3","47","1","Wed Jan 02 19:35:33 GMT+03:00 2019","null"
"2","183","1","Wed Jan 02 19:35:33 GMT+03:00 2019","null"
"3","1551","1","Wed Jan 02 19:35:34 GMT+03:00 2019","null"
"2","182","2","Wed Jan 02 19:35:36 GMT+03:00 2019","null"
"2","184","1","Wed Jan 02 19:35:36 GMT+03:00 2019","null"
"3","48","1","Wed Jan 02 19:35:36 GMT+03:00 2019","null"
"2","184","1","Wed Jan 02 19:35:36 GMT+03:00 2019","null"
"3","1553","1","Wed Jan 02 19:35:37 GMT+03:00 2019","null"
"2","183","2","Wed Jan 02 19:35:37 GMT+03:00 2019","null"
"2","184","2","Wed Jan 02 19:35:39 GMT+03:00 2019","null"
"2","185","1","Wed Jan 02 19:35:43 GMT+03:00 2019","null"
"3","45","1","Wed Jan 02 19:35:43 GMT+03:00 2019","null"
"2","185","1","Wed Jan 02 19:35:43 GMT+03:00 2019","null"
"3","1493","1","Wed Jan 02 19:35:43 GMT+03:00 2019","null"
"2","186","1","Wed Jan 02 19:35:43 GMT+03:00 2019","null"
"3","46","1","Wed Jan 02 19:35:43 GMT+03:00 2019","null"
"2","186","1","Wed Jan 02 19:35:43 GMT+03:00 2019","null"
"2","185","2","Wed Jan 02 19:35:44 GMT+03:00 2019","null"
"2","187","1","Wed Jan 02 19:35:44 GMT+03:00 2019","null"
"3","47","1","Wed Jan 02 19:35:44 GMT+03:00 2019","null"
"2","187","1","Wed Jan 02 19:35:44 GMT+03:00 2019","null"
"3","1552","1","Wed Jan 02 19:35:44 GMT+03:00 2019","null"
"2","186","2","Wed Jan 02 19:35:44 GMT+03:00 2019","null"
"2","188","1","Wed Jan 02 19:35:44 GMT+03:00 2019","null"
"3","48","1","Wed Jan 02 19:35:44 GMT+03:00 2019","null"
"2","188","1","Wed Jan 02 19:35:44 GMT+03:00 2019","null"
"3","1557","1","Wed Jan 02 19:35:45 GMT+03:00 2019","null"
"2","187","2","Wed Jan 02 19:35:45 GMT+03:00 2019","null"
"2","188","2","Wed Jan 02 19:35:47 GMT+03:00 2019","null"
"2","189","1","Wed Jan 02 19:35:49 GMT+03:00 2019","null"
"3","45","1","Wed Jan 02 19:35:49 GMT+03:00 2019","null"
"2","189","1","Wed Jan 02 19:35:49 GMT+03:00 2019","null"
"3","1494","1","Wed Jan 02 19:35:49 GMT+03:00 2019","null"
"2","190","1","Wed Jan 02 19:35:50 GMT+03:00 2019","null"
"3","46","1","Wed Jan 02 19:35:50 GMT+03:00 2019","null"
"2","190","1","Wed Jan 02 19:35:50 GMT+03:00 2019","null"
"3","1536","1","Wed Jan 02 19:35:51 GMT+03:00 2019","null"
"2","189","2","Wed Jan 02 19:35:51 GMT+03:00 2019","null"
"2","191","1","Wed Jan 02 19:35:51 GMT+03:00 2019","null"
"3","47","1","Wed Jan 02 19:35:51 GMT+03:00 2019","null"
"2","191","1","Wed Jan 02 19:35:51 GMT+03:00 2019","null"
"3","1550","1","Wed Jan 02 19:35:52 GMT+03:00 2019","null"
"2","190","2","Wed Jan 02 19:35:53 GMT+03:00 2019","null"
"2","192","1","Wed Jan 02 19:35:53 GMT+03:00 2019","null"
"3","48","1","Wed Jan 02 19:35:53 GMT+03:00 2019","null"
"2","192","1","Wed Jan 02 19:35:53 GMT+03:00 2019","null"
"3","1554","1","Wed Jan 02 19:35:53 GMT+03:00 2019","null"
"2","191","2","Wed Jan 02 19:35:54 GMT+03:00 2019","null"
"2","192","2","Wed Jan 02 19:35:55 GMT+03:00 2019","null"
"4","49","2","Wed Jan 02 19:35:59 GMT+03:00 2019","Bali"
"1","49","3","Wed Jan 02 19:36:00 GMT+03:00 2019","null"
"1","49","2","Wed Jan 02 19:36:00 GMT+03:00 2019","null"
"1","49","1","Wed Jan 02 19:37:23 GMT+03:00 2019","null"
"1","49","4","Wed Jan 02 19:37:23 GMT+03:00 2019","null"
"1","49","3","Wed Jan 02 19:37:25 GMT+03:00 2019","null"
"1","49","2","Wed Jan 02 19:37:25 GMT+03:00 2019","null"
"1","49","1","Wed Jan 02 19:37:36 GMT+03:00 2019","null"
"1","49","4","Wed Jan 02 19:37:36 GMT+03:00 2019","null"
"1","49","3","Wed Jan 02 19:37:40 GMT+03:00 2019","null"
"1","49","2","Wed Jan 02 19:37:40 GMT+03:00 2019","null"
"1","49","1","Wed Jan 02 19:37:44 GMT+03:00 2019","null"
"1","49","4","Wed Jan 02 19:37:44 GMT+03:00 2019","null"
"1","49","3","Wed Jan 02 19:37:47 GMT+03:00 2019","null"
"1","49","2","Wed Jan 02 19:37:48 GMT+03:00 2019","null"
"1","58","1","Wed Jan 02 19:37:54 GMT+03:00 2019","null"
"2","478","1","Wed Jan 02 19:37:54 GMT+03:00 2019","null"
"3","144","1","Wed Jan 02 19:37:54 GMT+03:00 2019","null"
"1","58","4","Wed Jan 02 19:37:54 GMT+03:00 2019","null"
"2","478","1","Wed Jan 02 19:37:54 GMT+03:00 2019","null"
"4","58","2","Wed Jan 02 19:37:54 GMT+03:00 2019","Bali"
"3","814","1","Wed Jan 02 19:37:54 GMT+03:00 2019","null"
"2","479","1","Wed Jan 02 19:37:55 GMT+03:00 2019","null"
"3","145","1","Wed Jan 02 19:37:55 GMT+03:00 2019","null"
"2","479","1","Wed Jan 02 19:37:55 GMT+03:00 2019","null"
"3","841","1","Wed Jan 02 19:37:55 GMT+03:00 2019","null"
"2","478","2","Wed Jan 02 19:37:57 GMT+03:00 2019","null"
"2","480","1","Wed Jan 02 19:37:57 GMT+03:00 2019","null"
"3","146","1","Wed Jan 02 19:37:57 GMT+03:00 2019","null"
"2","480","1","Wed Jan 02 19:37:57 GMT+03:00 2019","null"
"3","874","1","Wed Jan 02 19:37:57 GMT+03:00 2019","null"
"2","479","2","Wed Jan 02 19:37:57 GMT+03:00 2019","null"
"2","481","1","Wed Jan 02 19:37:57 GMT+03:00 2019","null"
"3","144","1","Wed Jan 02 19:37:57 GMT+03:00 2019","null"
"2","481","1","Wed Jan 02 19:37:58 GMT+03:00 2019","null"
"3","814","1","Wed Jan 02 19:37:58 GMT+03:00 2019","null"
"2","480","2","Wed Jan 02 19:37:59 GMT+03:00 2019","null"
"2","481","2","Wed Jan 02 19:38:00 GMT+03:00 2019","null"
"2","482","1","Wed Jan 02 19:38:08 GMT+03:00 2019","null"
"3","145","1","Wed Jan 02 19:38:08 GMT+03:00 2019","null"
"2","482","1","Wed Jan 02 19:38:08 GMT+03:00 2019","null"
"3","843","1","Wed Jan 02 19:38:09 GMT+03:00 2019","null"
"2","483","1","Wed Jan 02 19:38:09 GMT+03:00 2019","null"
"3","146","1","Wed Jan 02 19:38:09 GMT+03:00 2019","null"
"2","483","1","Wed Jan 02 19:38:09 GMT+03:00 2019","null"
"3","873","1","Wed Jan 02 19:38:09 GMT+03:00 2019","null"
"2","482","2","Wed Jan 02 19:38:10 GMT+03:00 2019","null"
"2","484","1","Wed Jan 02 19:38:10 GMT+03:00 2019","null"
"3","144","1","Wed Jan 02 19:38:10 GMT+03:00 2019","null"
"2","484","1","Wed Jan 02 19:38:10 GMT+03:00 2019","null"
"3","814","1","Wed Jan 02 19:38:10 GMT+03:00 2019","null"
"2","483","2","Wed Jan 02 19:38:11 GMT+03:00 2019","null"
"2","485","1","Wed Jan 02 19:38:11 GMT+03:00 2019","null"
"3","145","1","Wed Jan 02 19:38:11 GMT+03:00 2019","null"
"2","485","1","Wed Jan 02 19:38:11 GMT+03:00 2019","null"
"3","842","1","Wed Jan 02 19:38:11 GMT+03:00 2019","null"
"2","484","2","Wed Jan 02 19:38:11 GMT+03:00 2019","null"
"2","485","2","Wed Jan 02 19:38:13 GMT+03:00 2019","null"
"2","486","1","Wed Jan 02 19:38:14 GMT+03:00 2019","null"
"3","146","1","Wed Jan 02 19:38:14 GMT+03:00 2019","null"
"2","486","1","Wed Jan 02 19:38:14 GMT+03:00 2019","null"
"3","872","1","Wed Jan 02 19:38:15 GMT+03:00 2019","null"
"4","58","2","Wed Jan 02 19:38:17 GMT+03:00 2019","Bali"
"1","58","3","Wed Jan 02 19:38:17 GMT+03:00 2019","null"
"1","58","2","Wed Jan 02 19:38:17 GMT+03:00 2019","null"
"4","0","1","Wed Jan 02 19:38:21 GMT+03:00 2019","com.google.android.apps.photos"
"4","-1","1","Wed Jan 02 19:38:21 GMT+03:00 2019","com.google.android.apps.photos"
"4","-1","3","Wed Jan 02 19:39:21 GMT+03:00 2019","Bali"
"4","-1","3","Wed Jan 02 19:40:22 GMT+03:00 2019","Bali"
"4","-1","3","Wed Jan 02 19:41:24 GMT+03:00 2019","Bali"
"2","486","2","Wed Jan 02 19:42:26 GMT+03:00 2019","null"
"1","31","1","Thu Jan 03 12:09:13 GMT+03:00 2019","null"
"1","31","4","Thu Jan 03 12:09:13 GMT+03:00 2019","null"
"4","31","2","Thu Jan 03 12:09:13 GMT+03:00 2019","Bali"
"2","307","1","Thu Jan 03 12:09:14 GMT+03:00 2019","null"
"3","87","1","Thu Jan 03 12:09:14 GMT+03:00 2019","null"
"2","307","1","Thu Jan 03 12:09:14 GMT+03:00 2019","null"
"3","647","1","Thu Jan 03 12:09:14 GMT+03:00 2019","null"
"2","308","1","Thu Jan 03 12:09:15 GMT+03:00 2019","null"
"3","88","1","Thu Jan 03 12:09:15 GMT+03:00 2019","null"
"2","308","1","Thu Jan 03 12:09:15 GMT+03:00 2019","null"
"3","569","1","Thu Jan 03 12:09:16 GMT+03:00 2019","null"
"2","307","2","Thu Jan 03 12:09:17 GMT+03:00 2019","null"
"2","309","1","Thu Jan 03 12:09:18 GMT+03:00 2019","null"
"3","89","1","Thu Jan 03 12:09:18 GMT+03:00 2019","null"
"2","309","1","Thu Jan 03 12:09:18 GMT+03:00 2019","null"
"3","436","1","Thu Jan 03 12:09:18 GMT+03:00 2019","null"
"2","308","2","Thu Jan 03 12:09:20 GMT+03:00 2019","null"
"2","310","1","Thu Jan 03 12:09:20 GMT+03:00 2019","null"
"3","87","1","Thu Jan 03 12:09:20 GMT+03:00 2019","null"
"2","310","1","Thu Jan 03 12:09:20 GMT+03:00 2019","null"
"3","647","1","Thu Jan 03 12:09:20 GMT+03:00 2019","null"
"2","309","2","Thu Jan 03 12:09:21 GMT+03:00 2019","null"
"2","310","2","Thu Jan 03 12:09:23 GMT+03:00 2019","null"
"2","311","1","Thu Jan 03 12:09:26 GMT+03:00 2019","null"
"3","88","1","Thu Jan 03 12:09:26 GMT+03:00 2019","null"
"2","311","1","Thu Jan 03 12:09:26 GMT+03:00 2019","null"
"3","570","1","Thu Jan 03 12:09:27 GMT+03:00 2019","null"
"2","312","1","Thu Jan 03 12:09:27 GMT+03:00 2019","null"
"3","89","1","Thu Jan 03 12:09:27 GMT+03:00 2019","null"
"2","312","1","Thu Jan 03 12:09:27 GMT+03:00 2019","null"
"3","436","1","Thu Jan 03 12:09:27 GMT+03:00 2019","null"
"2","311","2","Thu Jan 03 12:09:28 GMT+03:00 2019","null"
"2","313","1","Thu Jan 03 12:09:28 GMT+03:00 2019","null"
"3","87","1","Thu Jan 03 12:09:28 GMT+03:00 2019","null"
"2","313","1","Thu Jan 03 12:09:28 GMT+03:00 2019","null"
"3","647","1","Thu Jan 03 12:09:28 GMT+03:00 2019","null"
"2","312","2","Thu Jan 03 12:09:29 GMT+03:00 2019","null"
"2","314","1","Thu Jan 03 12:09:29 GMT+03:00 2019","null"
"3","88","1","Thu Jan 03 12:09:29 GMT+03:00 2019","null"
"2","314","1","Thu Jan 03 12:09:29 GMT+03:00 2019","null"
"3","1239","1","Thu Jan 03 12:09:32 GMT+03:00 2019","null"
"2","313","2","Thu Jan 03 12:09:33 GMT+03:00 2019","null"
"2","314","2","Thu Jan 03 12:09:37 GMT+03:00 2019","null"
"2","315","1","Thu Jan 03 12:09:41 GMT+03:00 2019","null"
"3","89","1","Thu Jan 03 12:09:41 GMT+03:00 2019","null"
"2","315","1","Thu Jan 03 12:09:41 GMT+03:00 2019","null"
"3","436","1","Thu Jan 03 12:09:42 GMT+03:00 2019","null"
"4","31","2","Thu Jan 03 12:09:44 GMT+03:00 2019","Bali"
"1","31","3","Thu Jan 03 12:09:45 GMT+03:00 2019","null"
"1","31","2","Thu Jan 03 12:09:45 GMT+03:00 2019","null"
"4","0","1","Thu Jan 03 12:09:49 GMT+03:00 2019","com.google.android.apps.wallpaper"
"4","-1","1","Thu Jan 03 12:09:49 GMT+03:00 2019","com.google.android.apps.wallpaper"
"1","53","1","Thu Jan 03 12:10:16 GMT+03:00 2019","null"
"2","307","1","Thu Jan 03 12:10:16 GMT+03:00 2019","null"
"3","87","1","Thu Jan 03 12:10:16 GMT+03:00 2019","null"
"1","53","4","Thu Jan 03 12:10:16 GMT+03:00 2019","null"
"2","307","1","Thu Jan 03 12:10:16 GMT+03:00 2019","null"
"4","53","2","Thu Jan 03 12:10:16 GMT+03:00 2019","Bali"
"3","647","1","Thu Jan 03 12:10:17 GMT+03:00 2019","null"
"2","308","1","Thu Jan 03 12:10:18 GMT+03:00 2019","null"
"3","88","1","Thu Jan 03 12:10:18 GMT+03:00 2019","null"
"2","308","1","Thu Jan 03 12:10:18 GMT+03:00 2019","null"
"3","569","1","Thu Jan 03 12:10:19 GMT+03:00 2019","null"
"2","307","2","Thu Jan 03 12:10:20 GMT+03:00 2019","null"
"2","309","1","Thu Jan 03 12:10:20 GMT+03:00 2019","null"
"3","89","1","Thu Jan 03 12:10:20 GMT+03:00 2019","null"
"2","309","1","Thu Jan 03 12:10:20 GMT+03:00 2019","null"
"3","436","1","Thu Jan 03 12:10:21 GMT+03:00 2019","null"
"2","308","2","Thu Jan 03 12:10:21 GMT+03:00 2019","null"
"2","310","1","Thu Jan 03 12:10:21 GMT+03:00 2019","null"
"3","87","1","Thu Jan 03 12:10:21 GMT+03:00 2019","null"
"2","310","1","Thu Jan 03 12:10:21 GMT+03:00 2019","null"
"3","647","1","Thu Jan 03 12:10:22 GMT+03:00 2019","null"
"2","309","2","Thu Jan 03 12:10:23 GMT+03:00 2019","null"
"2","310","2","Thu Jan 03 12:10:25 GMT+03:00 2019","null"
"2","311","1","Thu Jan 03 12:10:29 GMT+03:00 2019","null"
"3","88","1","Thu Jan 03 12:10:29 GMT+03:00 2019","null"
"2","311","1","Thu Jan 03 12:10:29 GMT+03:00 2019","null"
"3","570","1","Thu Jan 03 12:10:29 GMT+03:00 2019","null"
"2","312","1","Thu Jan 03 12:10:30 GMT+03:00 2019","null"
"3","89","1","Thu Jan 03 12:10:30 GMT+03:00 2019","null"
"2","312","1","Thu Jan 03 12:10:30 GMT+03:00 2019","null"
"3","436","1","Thu Jan 03 12:10:30 GMT+03:00 2019","null"
"2","311","2","Thu Jan 03 12:10:31 GMT+03:00 2019","null"
"2","313","1","Thu Jan 03 12:10:31 GMT+03:00 2019","null"
"3","87","1","Thu Jan 03 12:10:31 GMT+03:00 2019","null"
"2","313","1","Thu Jan 03 12:10:31 GMT+03:00 2019","null"
"3","647","1","Thu Jan 03 12:10:32 GMT+03:00 2019","null"
"2","312","2","Thu Jan 03 12:10:32 GMT+03:00 2019","null"
"2","314","1","Thu Jan 03 12:10:32 GMT+03:00 2019","null"
"3","88","1","Thu Jan 03 12:10:32 GMT+03:00 2019","null"
"2","314","1","Thu Jan 03 12:10:32 GMT+03:00 2019","null"
"3","1239","1","Thu Jan 03 12:10:33 GMT+03:00 2019","null"
"2","313","2","Thu Jan 03 12:10:33 GMT+03:00 2019","null"
"2","314","2","Thu Jan 03 12:10:35 GMT+03:00 2019","null"
"2","315","1","Thu Jan 03 12:10:39 GMT+03:00 2019","null"
"3","89","1","Thu Jan 03 12:10:39 GMT+03:00 2019","null"
"2","315","1","Thu Jan 03 12:10:39 GMT+03:00 2019","null"
"3","436","1","Thu Jan 03 12:10:40 GMT+03:00 2019","null"
"4","53","2","Thu Jan 03 12:10:42 GMT+03:00 2019","Bali"
"1","53","3","Thu Jan 03 12:10:45 GMT+03:00 2019","null"
"1","53","2","Thu Jan 03 12:10:45 GMT+03:00 2019","null"
"2","315","2","Thu Jan 03 12:10:45 GMT+03:00 2019","null"
"4","0","1","Thu Jan 03 12:10:50 GMT+03:00 2019","com.google.android.apps.photos"
"4","-1","1","Thu Jan 03 12:10:50 GMT+03:00 2019","com.google.android.apps.photos"
"4","-1","3","Thu Jan 03 12:11:51 GMT+03:00 2019","Bali"
"4","-1","3","Thu Jan 03 12:12:53 GMT+03:00 2019","Bali"
"4","-1","3","Thu Jan 03 12:13:54 GMT+03:00 2019","Bali"
"4","-1","3","Thu Jan 03 12:14:56 GMT+03:00 2019","Bali"
"4","-1","3","Thu Jan 03 12:15:58 GMT+03:00 2019","Bali"
"1","48","1","Thu Jan 03 23:56:13 GMT+03:00 2019","null"
"1","48","4","Thu Jan 03 23:56:13 GMT+03:00 2019","null"
"4","48","2","Thu Jan 03 23:56:13 GMT+03:00 2019","Bali"
"2","469","1","Thu Jan 03 23:56:13 GMT+03:00 2019","null"
"3","141","1","Thu Jan 03 23:56:13 GMT+03:00 2019","null"
"2","469","1","Thu Jan 03 23:56:13 GMT+03:00 2019","null"
"3","1027","1","Thu Jan 03 23:56:14 GMT+03:00 2019","null"
"2","470","1","Thu Jan 03 23:56:16 GMT+03:00 2019","null"
"3","142","1","Thu Jan 03 23:56:16 GMT+03:00 2019","null"
"2","470","1","Thu Jan 03 23:56:16 GMT+03:00 2019","null"
"3","858","1","Thu Jan 03 23:56:16 GMT+03:00 2019","null"
"2","469","2","Thu Jan 03 23:56:17 GMT+03:00 2019","null"
"2","471","1","Thu Jan 03 23:56:17 GMT+03:00 2019","null"
"3","143","1","Thu Jan 03 23:56:17 GMT+03:00 2019","null"
"2","471","1","Thu Jan 03 23:56:17 GMT+03:00 2019","null"
"3","802","1","Thu Jan 03 23:56:18 GMT+03:00 2019","null"
"2","470","2","Thu Jan 03 23:56:19 GMT+03:00 2019","null"
"2","472","1","Thu Jan 03 23:56:19 GMT+03:00 2019","null"
"3","141","1","Thu Jan 03 23:56:19 GMT+03:00 2019","null"
"2","472","1","Thu Jan 03 23:56:19 GMT+03:00 2019","null"
"3","1260","1","Thu Jan 03 23:56:19 GMT+03:00 2019","null"
"2","471","2","Thu Jan 03 23:56:21 GMT+03:00 2019","null"
"2","472","2","Thu Jan 03 23:56:24 GMT+03:00 2019","null"
"2","473","1","Thu Jan 03 23:56:43 GMT+03:00 2019","null"
"3","142","1","Thu Jan 03 23:56:43 GMT+03:00 2019","null"
"2","473","1","Thu Jan 03 23:56:43 GMT+03:00 2019","null"
"3","844","1","Thu Jan 03 23:56:44 GMT+03:00 2019","null"
"2","474","1","Thu Jan 03 23:56:48 GMT+03:00 2019","null"
"3","143","1","Thu Jan 03 23:56:48 GMT+03:00 2019","null"
"2","474","1","Thu Jan 03 23:56:48 GMT+03:00 2019","null"
"3","803","1","Thu Jan 03 23:56:48 GMT+03:00 2019","null"
"2","473","2","Thu Jan 03 23:56:50 GMT+03:00 2019","null"
"2","475","1","Thu Jan 03 23:56:50 GMT+03:00 2019","null"
"3","141","1","Thu Jan 03 23:56:50 GMT+03:00 2019","null"
"2","475","1","Thu Jan 03 23:56:50 GMT+03:00 2019","null"
"3","1027","1","Thu Jan 03 23:56:51 GMT+03:00 2019","null"
"2","474","2","Thu Jan 03 23:56:52 GMT+03:00 2019","null"
"2","476","1","Thu Jan 03 23:56:52 GMT+03:00 2019","null"
"3","142","1","Thu Jan 03 23:56:52 GMT+03:00 2019","null"
"2","476","1","Thu Jan 03 23:56:52 GMT+03:00 2019","null"
"3","835","1","Thu Jan 03 23:56:53 GMT+03:00 2019","null"
"2","475","2","Thu Jan 03 23:56:56 GMT+03:00 2019","null"
"2","476","2","Thu Jan 03 23:56:58 GMT+03:00 2019","null"
"2","477","1","Thu Jan 03 23:57:03 GMT+03:00 2019","null"
"3","143","1","Thu Jan 03 23:57:03 GMT+03:00 2019","null"
"2","477","1","Thu Jan 03 23:57:03 GMT+03:00 2019","null"
"3","801","1","Thu Jan 03 23:57:04 GMT+03:00 2019","null"
"4","48","2","Thu Jan 03 23:57:08 GMT+03:00 2019","Bali"
"1","48","3","Thu Jan 03 23:57:11 GMT+03:00 2019","null"
"1","48","2","Thu Jan 03 23:57:11 GMT+03:00 2019","null"
"1","52","1","Thu Jan 03 23:57:19 GMT+03:00 2019","null"
"2","469","1","Thu Jan 03 23:57:19 GMT+03:00 2019","null"
"3","141","1","Thu Jan 03 23:57:19 GMT+03:00 2019","null"
"1","52","4","Thu Jan 03 23:57:19 GMT+03:00 2019","null"
"2","469","1","Thu Jan 03 23:57:19 GMT+03:00 2019","null"
"4","52","2","Thu Jan 03 23:57:19 GMT+03:00 2019","Bali"
"3","1027","1","Thu Jan 03 23:57:20 GMT+03:00 2019","null"
"2","470","1","Thu Jan 03 23:57:20 GMT+03:00 2019","null"
"3","142","1","Thu Jan 03 23:57:20 GMT+03:00 2019","null"
"2","470","1","Thu Jan 03 23:57:20 GMT+03:00 2019","null"
"3","858","1","Thu Jan 03 23:57:21 GMT+03:00 2019","null"
"2","469","2","Thu Jan 03 23:57:21 GMT+03:00 2019","null"
"2","471","1","Thu Jan 03 23:57:21 GMT+03:00 2019","null"
"3","143","1","Thu Jan 03 23:57:21 GMT+03:00 2019","null"
"2","471","1","Thu Jan 03 23:57:21 GMT+03:00 2019","null"
"3","802","1","Thu Jan 03 23:57:22 GMT+03:00 2019","null"
"2","470","2","Thu Jan 03 23:57:23 GMT+03:00 2019","null"
"2","472","1","Thu Jan 03 23:57:23 GMT+03:00 2019","null"
"3","141","1","Thu Jan 03 23:57:23 GMT+03:00 2019","null"
"2","472","1","Thu Jan 03 23:57:23 GMT+03:00 2019","null"
"3","1260","1","Thu Jan 03 23:57:23 GMT+03:00 2019","null"
"2","471","2","Thu Jan 03 23:57:24 GMT+03:00 2019","null"
"2","472","2","Thu Jan 03 23:57:26 GMT+03:00 2019","null"
"2","473","1","Thu Jan 03 23:57:29 GMT+03:00 2019","null"
"3","142","1","Thu Jan 03 23:57:29 GMT+03:00 2019","null"
"2","473","1","Thu Jan 03 23:57:29 GMT+03:00 2019","null"
"3","844","1","Thu Jan 03 23:57:29 GMT+03:00 2019","null"
"2","474","1","Thu Jan 03 23:57:30 GMT+03:00 2019","null"
"3","143","1","Thu Jan 03 23:57:30 GMT+03:00 2019","null"
"2","474","1","Thu Jan 03 23:57:30 GMT+03:00 2019","null"
"3","803","1","Thu Jan 03 23:57:30 GMT+03:00 2019","null"
"2","473","2","Thu Jan 03 23:57:31 GMT+03:00 2019","null"
"2","475","1","Thu Jan 03 23:57:31 GMT+03:00 2019","null"
"3","141","1","Thu Jan 03 23:57:31 GMT+03:00 2019","null"
"2","475","1","Thu Jan 03 23:57:31 GMT+03:00 2019","null"
"3","1027","1","Thu Jan 03 23:57:31 GMT+03:00 2019","null"
"2","474","2","Thu Jan 03 23:57:32 GMT+03:00 2019","null"
"2","476","1","Thu Jan 03 23:57:32 GMT+03:00 2019","null"
"3","142","1","Thu Jan 03 23:57:32 GMT+03:00 2019","null"
"2","476","1","Thu Jan 03 23:57:32 GMT+03:00 2019","null"
"3","835","1","Thu Jan 03 23:57:32 GMT+03:00 2019","null"
"2","475","2","Thu Jan 03 23:57:33 GMT+03:00 2019","null"
"2","476","2","Thu Jan 03 23:57:34 GMT+03:00 2019","null"
"2","477","1","Thu Jan 03 23:57:38 GMT+03:00 2019","null"
"3","143","1","Thu Jan 03 23:57:38 GMT+03:00 2019","null"
"2","477","1","Thu Jan 03 23:57:38 GMT+03:00 2019","null"
"3","801","1","Thu Jan 03 23:57:38 GMT+03:00 2019","null"
"4","52","2","Thu Jan 03 23:57:41 GMT+03:00 2019","Bali"
"1","52","3","Thu Jan 03 23:57:43 GMT+03:00 2019","null"
"1","52","2","Thu Jan 03 23:57:43 GMT+03:00 2019","null"
"2","477","2","Thu Jan 03 23:57:43 GMT+03:00 2019","null"
"1","23","1","Thu Jan 03 23:57:52 GMT+03:00 2019","null"
"2","505","1","Thu Jan 03 23:57:52 GMT+03:00 2019","null"
"3","153","1","Thu Jan 03 23:57:52 GMT+03:00 2019","null"
"1","23","4","Thu Jan 03 23:57:52 GMT+03:00 2019","null"
"2","505","1","Thu Jan 03 23:57:52 GMT+03:00 2019","null"
"4","23","2","Thu Jan 03 23:57:52 GMT+03:00 2019","Bali"
"3","1422","1","Thu Jan 03 23:57:53 GMT+03:00 2019","null"
"2","506","1","Thu Jan 03 23:57:55 GMT+03:00 2019","null"
"3","154","1","Thu Jan 03 23:57:55 GMT+03:00 2019","null"
"2","506","1","Thu Jan 03 23:57:55 GMT+03:00 2019","null"
"3","1368","1","Thu Jan 03 23:57:56 GMT+03:00 2019","null"
"2","505","2","Thu Jan 03 23:57:56 GMT+03:00 2019","null"
"2","507","1","Thu Jan 03 23:57:56 GMT+03:00 2019","null"
"3","155","1","Thu Jan 03 23:57:56 GMT+03:00 2019","null"
"2","507","1","Thu Jan 03 23:57:56 GMT+03:00 2019","null"
"3","562","1","Thu Jan 03 23:57:57 GMT+03:00 2019","null"
"2","506","2","Thu Jan 03 23:57:58 GMT+03:00 2019","null"
"2","508","1","Thu Jan 03 23:57:58 GMT+03:00 2019","null"
"3","153","1","Thu Jan 03 23:57:58 GMT+03:00 2019","null"
"2","508","1","Thu Jan 03 23:57:58 GMT+03:00 2019","null"
"3","1422","1","Thu Jan 03 23:57:59 GMT+03:00 2019","null"
"2","507","2","Thu Jan 03 23:58:00 GMT+03:00 2019","null"
"2","508","2","Thu Jan 03 23:58:04 GMT+03:00 2019","null"
"2","509","1","Thu Jan 03 23:58:08 GMT+03:00 2019","null"
"3","154","1","Thu Jan 03 23:58:08 GMT+03:00 2019","null"
"2","509","1","Thu Jan 03 23:58:08 GMT+03:00 2019","null"
"3","981","1","Thu Jan 03 23:58:09 GMT+03:00 2019","null"
"2","510","1","Thu Jan 03 23:58:09 GMT+03:00 2019","null"
"3","155","1","Thu Jan 03 23:58:09 GMT+03:00 2019","null"
"2","510","1","Thu Jan 03 23:58:09 GMT+03:00 2019","null"
"3","562","1","Thu Jan 03 23:58:09 GMT+03:00 2019","null"
"2","509","2","Thu Jan 03 23:58:10 GMT+03:00 2019","null"
"2","511","1","Thu Jan 03 23:58:10 GMT+03:00 2019","null"
"3","153","1","Thu Jan 03 23:58:10 GMT+03:00 2019","null"
"2","511","1","Thu Jan 03 23:58:10 GMT+03:00 2019","null"
"3","1422","1","Thu Jan 03 23:58:11 GMT+03:00 2019","null"
"2","510","2","Thu Jan 03 23:58:11 GMT+03:00 2019","null"
"2","512","1","Thu Jan 03 23:58:11 GMT+03:00 2019","null"
"3","154","1","Thu Jan 03 23:58:11 GMT+03:00 2019","null"
"2","512","1","Thu Jan 03 23:58:11 GMT+03:00 2019","null"
"3","541","1","Thu Jan 03 23:58:12 GMT+03:00 2019","null"
"2","511","2","Thu Jan 03 23:58:13 GMT+03:00 2019","null"
"2","512","2","Thu Jan 03 23:58:15 GMT+03:00 2019","null"
"2","513","1","Thu Jan 03 23:58:21 GMT+03:00 2019","null"
"3","155","1","Thu Jan 03 23:58:21 GMT+03:00 2019","null"
"2","513","1","Thu Jan 03 23:58:21 GMT+03:00 2019","null"
"3","562","1","Thu Jan 03 23:58:22 GMT+03:00 2019","null"
"4","23","2","Thu Jan 03 23:58:24 GMT+03:00 2019","Bali"
"1","23","3","Thu Jan 03 23:58:26 GMT+03:00 2019","null"
"1","23","2","Thu Jan 03 23:58:27 GMT+03:00 2019","null"
"2","513","2","Thu Jan 03 23:58:27 GMT+03:00 2019","null"
"4","0","1","Thu Jan 03 23:58:33 GMT+03:00 2019","com.google.android.deskclock"
"4","-1","1","Thu Jan 03 23:58:33 GMT+03:00 2019","com.google.android.deskclock"
"4","0","1","Thu Jan 03 23:58:51 GMT+03:00 2019","org.godotengine.alphaworld"
"4","-1","1","Thu Jan 03 23:58:51 GMT+03:00 2019","org.godotengine.alphaworld"
"4","-1","3","Fri Jan 04 00:00:35 GMT+03:00 2019","Bali"
"1","48","1","Fri Jan 04 00:00:52 GMT+03:00 2019","null"
"1","48","4","Fri Jan 04 00:00:52 GMT+03:00 2019","null"
"1","48","3","Fri Jan 04 00:00:55 GMT+03:00 2019","null"
"1","48","2","Fri Jan 04 00:00:55 GMT+03:00 2019","null"
"4","-1","3","Fri Jan 04 00:06:39 GMT+03:00 2019","Bali"
"4","-1","3","Fri Jan 04 00:07:58 GMT+03:00 2019","Bali"
"4","-1","3","Fri Jan 04 00:09:19 GMT+03:00 2019","Bali"
"4","-1","3","Fri Jan 04 00:10:38 GMT+03:00 2019","Bali"
"4","-1","3","Fri Jan 04 00:11:41 GMT+03:00 2019","Bali"
"1","48","1","Fri Jan 04 00:13:04 GMT+03:00 2019","null"
"1","48","4","Fri Jan 04 00:13:04 GMT+03:00 2019","null"
"1","48","3","Fri Jan 04 00:13:07 GMT+03:00 2019","null"
"1","48","2","Fri Jan 04 00:13:07 GMT+03:00 2019","null"
"1","48","1","Fri Jan 04 00:13:17 GMT+03:00 2019","null"
"1","48","4","Fri Jan 04 00:13:17 GMT+03:00 2019","null"
"1","48","3","Fri Jan 04 00:13:26 GMT+03:00 2019","null"
"1","48","2","Fri Jan 04 00:13:26 GMT+03:00 2019","null"
"1","48","1","Fri Jan 04 00:13:27 GMT+03:00 2019","null"
"1","48","4","Fri Jan 04 00:13:27 GMT+03:00 2019","null"
"1","48","3","Fri Jan 04 00:13:27 GMT+03:00 2019","null"
"1","48","2","Fri Jan 04 00:13:27 GMT+03:00 2019","null"
"1","48","1","Fri Jan 04 00:13:29 GMT+03:00 2019","null"
"1","48","4","Fri Jan 04 00:13:29 GMT+03:00 2019","null"
"1","48","3","Fri Jan 04 00:13:34 GMT+03:00 2019","null"
"1","48","2","Fri Jan 04 00:13:34 GMT+03:00 2019","null"
"1","48","1","Fri Jan 04 00:13:40 GMT+03:00 2019","null"
"1","48","4","Fri Jan 04 00:13:40 GMT+03:00 2019","null"
"1","48","3","Fri Jan 04 00:13:49 GMT+03:00 2019","null"
"1","48","2","Fri Jan 04 00:13:49 GMT+03:00 2019","null"
"1","48","1","Fri Jan 04 00:14:05 GMT+03:00 2019","null"
"1","48","4","Fri Jan 04 00:14:05 GMT+03:00 2019","null"
"1","48","3","Fri Jan 04 00:14:10 GMT+03:00 2019","null"
"1","48","2","Fri Jan 04 00:14:10 GMT+03:00 2019","null"
"1","48","1","Fri Jan 04 00:14:28 GMT+03:00 2019","null"
"1","48","4","Fri Jan 04 00:14:28 GMT+03:00 2019","null"
"1","48","3","Fri Jan 04 00:14:41 GMT+03:00 2019","null"
"1","48","2","Fri Jan 04 00:14:42 GMT+03:00 2019","null"
"2","477","2","Fri Jan 04 00:14:42 GMT+03:00 2019","null"
"1","48","1","Fri Jan 04 00:14:43 GMT+03:00 2019","null"
"2","229","1","Fri Jan 04 00:14:43 GMT+03:00 2019","null"
"3","61","1","Fri Jan 04 00:14:43 GMT+03:00 2019","null"
"1","48","4","Fri Jan 04 00:14:43 GMT+03:00 2019","null"
"2","229","1","Fri Jan 04 00:14:43 GMT+03:00 2019","null"
"4","48","2","Fri Jan 04 00:14:43 GMT+03:00 2019","Bali"
"3","503","1","Fri Jan 04 00:14:44 GMT+03:00 2019","null"
"2","230","1","Fri Jan 04 00:14:44 GMT+03:00 2019","null"
"3","62","1","Fri Jan 04 00:14:44 GMT+03:00 2019","null"
"2","230","1","Fri Jan 04 00:14:44 GMT+03:00 2019","null"
"3","512","1","Fri Jan 04 00:14:45 GMT+03:00 2019","null"
"2","229","2","Fri Jan 04 00:14:45 GMT+03:00 2019","null"
"2","231","1","Fri Jan 04 00:14:45 GMT+03:00 2019","null"
"3","63","1","Fri Jan 04 00:14:45 GMT+03:00 2019","null"
"2","231","1","Fri Jan 04 00:14:45 GMT+03:00 2019","null"
"3","506","1","Fri Jan 04 00:14:45 GMT+03:00 2019","null"
"2","230","2","Fri Jan 04 00:14:47 GMT+03:00 2019","null"
"2","232","1","Fri Jan 04 00:14:47 GMT+03:00 2019","null"
"3","61","1","Fri Jan 04 00:14:47 GMT+03:00 2019","null"
"2","232","1","Fri Jan 04 00:14:47 GMT+03:00 2019","null"
"3","1058","1","Fri Jan 04 00:14:47 GMT+03:00 2019","null"
"2","231","2","Fri Jan 04 00:14:48 GMT+03:00 2019","null"
"1","48","3","Fri Jan 04 00:14:51 GMT+03:00 2019","null"
"1","48","2","Fri Jan 04 00:14:51 GMT+03:00 2019","null"
"1","48","1","Fri Jan 04 00:14:54 GMT+03:00 2019","null"
"1","48","4","Fri Jan 04 00:14:54 GMT+03:00 2019","null"
"2","232","2","Fri Jan 04 00:14:56 GMT+03:00 2019","null"
"2","233","1","Fri Jan 04 00:14:59 GMT+03:00 2019","null"
"3","62","1","Fri Jan 04 00:14:59 GMT+03:00 2019","null"
"2","233","1","Fri Jan 04 00:14:59 GMT+03:00 2019","null"
"2","234","1","Fri Jan 04 00:15:00 GMT+03:00 2019","null"
"3","63","1","Fri Jan 04 00:15:00 GMT+03:00 2019","null"
"2","234","1","Fri Jan 04 00:15:00 GMT+03:00 2019","null"
"3","506","1","Fri Jan 04 00:15:00 GMT+03:00 2019","null"
"2","233","2","Fri Jan 04 00:15:00 GMT+03:00 2019","null"
"2","235","1","Fri Jan 04 00:15:00 GMT+03:00 2019","null"
"3","61","1","Fri Jan 04 00:15:00 GMT+03:00 2019","null"
"2","235","1","Fri Jan 04 00:15:00 GMT+03:00 2019","null"
"2","234","2","Fri Jan 04 00:15:00 GMT+03:00 2019","null"
"2","236","1","Fri Jan 04 00:15:00 GMT+03:00 2019","null"
"3","62","1","Fri Jan 04 00:15:00 GMT+03:00 2019","null"
"2","236","1","Fri Jan 04 00:15:00 GMT+03:00 2019","null"
"3","509","1","Fri Jan 04 00:15:01 GMT+03:00 2019","null"
"2","235","2","Fri Jan 04 00:15:01 GMT+03:00 2019","null"
"2","236","2","Fri Jan 04 00:15:02 GMT+03:00 2019","null"
"2","237","1","Fri Jan 04 00:15:04 GMT+03:00 2019","null"
"3","63","1","Fri Jan 04 00:15:04 GMT+03:00 2019","null"
"2","237","1","Fri Jan 04 00:15:04 GMT+03:00 2019","null"
"3","506","1","Fri Jan 04 00:15:04 GMT+03:00 2019","null"
"4","48","2","Fri Jan 04 00:15:06 GMT+03:00 2019","Bali"
"1","48","3","Fri Jan 04 00:15:06 GMT+03:00 2019","null"
"1","48","2","Fri Jan 04 00:15:06 GMT+03:00 2019","null"
"4","-1","3","Thu Jan 24 21:50:40 GMT+03:00 2019","Bali"
"4","-1","3","Thu Jan 24 21:52:25 GMT+03:00 2019","Bali"
"4","-1","3","Thu Jan 24 21:53:27 GMT+03:00 2019","Bali"
"1","10","1","Thu Jan 24 21:54:29 GMT+03:00 2019","null"
"1","10","4","Thu Jan 24 21:54:29 GMT+03:00 2019","null"
"4","10","2","Thu Jan 24 21:54:29 GMT+03:00 2019","Bali"
"2","85","1","Thu Jan 24 21:54:29 GMT+03:00 2019","null"
"3","13","1","Thu Jan 24 21:54:29 GMT+03:00 2019","null"
"2","85","1","Thu Jan 24 21:54:29 GMT+03:00 2019","null"
"3","1077","1","Thu Jan 24 21:54:30 GMT+03:00 2019","null"
"2","86","1","Thu Jan 24 21:54:31 GMT+03:00 2019","null"
"3","14","1","Thu Jan 24 21:54:31 GMT+03:00 2019","null"
"2","86","1","Thu Jan 24 21:54:31 GMT+03:00 2019","null"
"3","1294","1","Thu Jan 24 21:54:32 GMT+03:00 2019","null"
"2","85","2","Thu Jan 24 21:54:33 GMT+03:00 2019","null"
"2","87","1","Thu Jan 24 21:54:33 GMT+03:00 2019","null"
"3","15","1","Thu Jan 24 21:54:33 GMT+03:00 2019","null"
"2","87","1","Thu Jan 24 21:54:33 GMT+03:00 2019","null"
"3","1316","1","Thu Jan 24 21:54:34 GMT+03:00 2019","null"
"2","86","2","Thu Jan 24 21:54:35 GMT+03:00 2019","null"
"2","88","1","Thu Jan 24 21:54:35 GMT+03:00 2019","null"
"3","16","1","Thu Jan 24 21:54:35 GMT+03:00 2019","null"
"2","88","1","Thu Jan 24 21:54:35 GMT+03:00 2019","null"
"3","1319","1","Thu Jan 24 21:54:36 GMT+03:00 2019","null"
"2","87","2","Thu Jan 24 21:54:40 GMT+03:00 2019","null"
"2","88","2","Thu Jan 24 21:54:42 GMT+03:00 2019","null"
"2","89","1","Thu Jan 24 21:54:46 GMT+03:00 2019","null"
"3","13","1","Thu Jan 24 21:54:46 GMT+03:00 2019","null"
"2","89","1","Thu Jan 24 21:54:46 GMT+03:00 2019","null"
"3","1092","1","Thu Jan 24 21:54:47 GMT+03:00 2019","null"
"2","90","1","Thu Jan 24 21:54:50 GMT+03:00 2019","null"
"3","14","1","Thu Jan 24 21:54:50 GMT+03:00 2019","null"
"2","90","1","Thu Jan 24 21:54:50 GMT+03:00 2019","null"
"3","1297","1","Thu Jan 24 21:54:51 GMT+03:00 2019","null"
"2","89","2","Thu Jan 24 21:54:51 GMT+03:00 2019","null"
"2","91","1","Thu Jan 24 21:54:51 GMT+03:00 2019","null"
"3","15","1","Thu Jan 24 21:54:51 GMT+03:00 2019","null"
"2","91","1","Thu Jan 24 21:54:51 GMT+03:00 2019","null"
"3","1317","1","Thu Jan 24 21:54:52 GMT+03:00 2019","null"
"2","90","2","Thu Jan 24 21:54:53 GMT+03:00 2019","null"
"2","92","1","Thu Jan 24 21:54:53 GMT+03:00 2019","null"
"3","16","1","Thu Jan 24 21:54:53 GMT+03:00 2019","null"
"2","92","1","Thu Jan 24 21:54:53 GMT+03:00 2019","null"
"3","1329","1","Thu Jan 24 21:54:53 GMT+03:00 2019","null"
"2","91","2","Thu Jan 24 21:54:54 GMT+03:00 2019","null"
"2","92","2","Thu Jan 24 21:54:57 GMT+03:00 2019","null"
"2","93","1","Thu Jan 24 21:55:01 GMT+03:00 2019","null"
"3","13","1","Thu Jan 24 21:55:01 GMT+03:00 2019","null"
"2","93","1","Thu Jan 24 21:55:01 GMT+03:00 2019","null"
"3","1104","1","Thu Jan 24 21:55:01 GMT+03:00 2019","null"
"2","94","1","Thu Jan 24 21:55:01 GMT+03:00 2019","null"
"3","14","1","Thu Jan 24 21:55:01 GMT+03:00 2019","null"
"2","94","1","Thu Jan 24 21:55:01 GMT+03:00 2019","null"
"3","1278","1","Thu Jan 24 21:55:02 GMT+03:00 2019","null"
"2","93","2","Thu Jan 24 21:55:03 GMT+03:00 2019","null"
"2","95","1","Thu Jan 24 21:55:03 GMT+03:00 2019","null"
"3","15","1","Thu Jan 24 21:55:03 GMT+03:00 2019","null"
"2","95","1","Thu Jan 24 21:55:03 GMT+03:00 2019","null"
"3","1315","1","Thu Jan 24 21:55:03 GMT+03:00 2019","null"
"2","94","2","Thu Jan 24 21:55:04 GMT+03:00 2019","null"
"2","96","1","Thu Jan 24 21:55:04 GMT+03:00 2019","null"
"3","16","1","Thu Jan 24 21:55:04 GMT+03:00 2019","null"
"2","96","1","Thu Jan 24 21:55:04 GMT+03:00 2019","null"
"3","1337","1","Thu Jan 24 21:55:05 GMT+03:00 2019","null"
"2","95","2","Thu Jan 24 21:55:06 GMT+03:00 2019","null"
"2","96","2","Thu Jan 24 21:55:08 GMT+03:00 2019","null"
"4","10","2","Thu Jan 24 21:55:13 GMT+03:00 2019","Bali"
"1","10","3","Thu Jan 24 21:55:16 GMT+03:00 2019","null"
"1","10","2","Thu Jan 24 21:55:16 GMT+03:00 2019","null"
"1","29","1","Thu Jan 24 21:55:28 GMT+03:00 2019","null"
"2","85","1","Thu Jan 24 21:55:28 GMT+03:00 2019","null"
"3","13","1","Thu Jan 24 21:55:28 GMT+03:00 2019","null"
"1","29","4","Thu Jan 24 21:55:28 GMT+03:00 2019","null"
"2","85","1","Thu Jan 24 21:55:28 GMT+03:00 2019","null"
"4","29","2","Thu Jan 24 21:55:28 GMT+03:00 2019","Bali"
"3","1077","1","Thu Jan 24 21:55:29 GMT+03:00 2019","null"
"2","86","1","Thu Jan 24 21:55:33 GMT+03:00 2019","null"
"3","14","1","Thu Jan 24 21:55:33 GMT+03:00 2019","null"
"2","86","1","Thu Jan 24 21:55:33 GMT+03:00 2019","null"
"3","1294","1","Thu Jan 24 21:55:33 GMT+03:00 2019","null"
"2","85","2","Thu Jan 24 21:55:34 GMT+03:00 2019","null"
"2","87","1","Thu Jan 24 21:55:34 GMT+03:00 2019","null"
"3","15","1","Thu Jan 24 21:55:34 GMT+03:00 2019","null"
"2","87","1","Thu Jan 24 21:55:34 GMT+03:00 2019","null"
"3","1316","1","Thu Jan 24 21:55:35 GMT+03:00 2019","null"
"2","86","2","Thu Jan 24 21:55:36 GMT+03:00 2019","null"
"2","88","1","Thu Jan 24 21:55:36 GMT+03:00 2019","null"
"3","16","1","Thu Jan 24 21:55:36 GMT+03:00 2019","null"
"2","88","1","Thu Jan 24 21:55:36 GMT+03:00 2019","null"
"3","1319","1","Thu Jan 24 21:55:36 GMT+03:00 2019","null"
"2","87","2","Thu Jan 24 21:55:38 GMT+03:00 2019","null"
"2","88","2","Thu Jan 24 21:55:40 GMT+03:00 2019","null"
"2","89","1","Thu Jan 24 21:55:46 GMT+03:00 2019","null"
"3","13","1","Thu Jan 24 21:55:46 GMT+03:00 2019","null"
"2","89","1","Thu Jan 24 21:55:46 GMT+03:00 2019","null"
"3","1092","1","Thu Jan 24 21:55:46 GMT+03:00 2019","null"
"2","90","1","Thu Jan 24 21:55:47 GMT+03:00 2019","null"
"3","14","1","Thu Jan 24 21:55:47 GMT+03:00 2019","null"
"2","90","1","Thu Jan 24 21:55:47 GMT+03:00 2019","null"
"3","1297","1","Thu Jan 24 21:55:47 GMT+03:00 2019","null"
"2","89","2","Thu Jan 24 21:55:48 GMT+03:00 2019","null"
"2","91","1","Thu Jan 24 21:55:48 GMT+03:00 2019","null"
"3","15","1","Thu Jan 24 21:55:48 GMT+03:00 2019","null"
"2","91","1","Thu Jan 24 21:55:48 GMT+03:00 2019","null"
"3","1317","1","Thu Jan 24 21:55:49 GMT+03:00 2019","null"
"2","90","2","Thu Jan 24 21:55:50 GMT+03:00 2019","null"
"2","92","1","Thu Jan 24 21:55:50 GMT+03:00 2019","null"
"3","16","1","Thu Jan 24 21:55:50 GMT+03:00 2019","null"
"2","92","1","Thu Jan 24 21:55:50 GMT+03:00 2019","null"
"3","1329","1","Thu Jan 24 21:55:51 GMT+03:00 2019","null"
"2","91","2","Thu Jan 24 21:55:51 GMT+03:00 2019","null"
"2","92","2","Thu Jan 24 21:55:53 GMT+03:00 2019","null"
"2","93","1","Thu Jan 24 21:55:57 GMT+03:00 2019","null"
"3","13","1","Thu Jan 24 21:55:57 GMT+03:00 2019","null"
"2","93","1","Thu Jan 24 21:55:57 GMT+03:00 2019","null"
"3","1104","1","Thu Jan 24 21:55:58 GMT+03:00 2019","null"
"2","94","1","Thu Jan 24 21:55:59 GMT+03:00 2019","null"
"3","14","1","Thu Jan 24 21:55:59 GMT+03:00 2019","null"
"2","94","1","Thu Jan 24 21:55:59 GMT+03:00 2019","null"
"3","1278","1","Thu Jan 24 21:55:59 GMT+03:00 2019","null"
"2","93","2","Thu Jan 24 21:56:00 GMT+03:00 2019","null"
"2","95","1","Thu Jan 24 21:56:00 GMT+03:00 2019","null"
"3","15","1","Thu Jan 24 21:56:00 GMT+03:00 2019","null"
"2","95","1","Thu Jan 24 21:56:00 GMT+03:00 2019","null"
"3","1315","1","Thu Jan 24 21:56:01 GMT+03:00 2019","null"
"2","94","2","Thu Jan 24 21:56:01 GMT+03:00 2019","null"
"2","96","1","Thu Jan 24 21:56:01 GMT+03:00 2019","null"
"3","16","1","Thu Jan 24 21:56:01 GMT+03:00 2019","null"
"2","96","1","Thu Jan 24 21:56:01 GMT+03:00 2019","null"
"3","1337","1","Thu Jan 24 21:56:02 GMT+03:00 2019","null"
"2","95","2","Thu Jan 24 21:56:03 GMT+03:00 2019","null"
"2","96","2","Thu Jan 24 21:56:05 GMT+03:00 2019","null"
"4","29","2","Thu Jan 24 21:56:09 GMT+03:00 2019","Bali"
"1","29","3","Thu Jan 24 21:56:11 GMT+03:00 2019","null"
"1","29","2","Thu Jan 24 21:56:11 GMT+03:00 2019","null"
"1","138","1","Thu Jan 24 21:57:37 GMT+03:00 2019","null"
"2","286","1","Thu Jan 24 21:57:37 GMT+03:00 2019","null"
"3","80","1","Thu Jan 24 21:57:37 GMT+03:00 2019","null"
"1","138","4","Thu Jan 24 21:57:37 GMT+03:00 2019","null"
"2","286","1","Thu Jan 24 21:57:37 GMT+03:00 2019","null"
"4","138","2","Thu Jan 24 21:57:37 GMT+03:00 2019","Bali"
"3","559","1","Thu Jan 24 21:57:38 GMT+03:00 2019","null"
"2","287","1","Thu Jan 24 21:57:39 GMT+03:00 2019","null"
"3","81","1","Thu Jan 24 21:57:39 GMT+03:00 2019","null"
"2","287","1","Thu Jan 24 21:57:39 GMT+03:00 2019","null"
"3","564","1","Thu Jan 24 21:57:40 GMT+03:00 2019","null"
"2","286","2","Thu Jan 24 21:57:41 GMT+03:00 2019","null"
"2","288","1","Thu Jan 24 21:57:41 GMT+03:00 2019","null"
"3","82","1","Thu Jan 24 21:57:41 GMT+03:00 2019","null"
"2","288","1","Thu Jan 24 21:57:41 GMT+03:00 2019","null"
"3","584","1","Thu Jan 24 21:57:42 GMT+03:00 2019","null"
"2","287","2","Thu Jan 24 21:57:42 GMT+03:00 2019","null"
"2","289","1","Thu Jan 24 21:57:42 GMT+03:00 2019","null"
"3","80","1","Thu Jan 24 21:57:42 GMT+03:00 2019","null"
"2","289","1","Thu Jan 24 21:57:42 GMT+03:00 2019","null"
"3","559","1","Thu Jan 24 21:57:43 GMT+03:00 2019","null"
"2","288","2","Thu Jan 24 21:57:44 GMT+03:00 2019","null"
"2","289","2","Thu Jan 24 21:57:46 GMT+03:00 2019","null"
"2","290","1","Thu Jan 24 21:57:49 GMT+03:00 2019","null"
"3","81","1","Thu Jan 24 21:57:49 GMT+03:00 2019","null"
"2","290","1","Thu Jan 24 21:57:49 GMT+03:00 2019","null"
"3","561","1","Thu Jan 24 21:57:50 GMT+03:00 2019","null"
"2","291","1","Thu Jan 24 21:57:51 GMT+03:00 2019","null"
"3","82","1","Thu Jan 24 21:57:51 GMT+03:00 2019","null"
"2","291","1","Thu Jan 24 21:57:51 GMT+03:00 2019","null"
"3","492","1","Thu Jan 24 21:57:51 GMT+03:00 2019","null"
"2","290","2","Thu Jan 24 21:57:52 GMT+03:00 2019","null"
"2","292","1","Thu Jan 24 21:57:52 GMT+03:00 2019","null"
"3","80","1","Thu Jan 24 21:57:52 GMT+03:00 2019","null"
"2","292","1","Thu Jan 24 21:57:52 GMT+03:00 2019","null"
"3","559","1","Thu Jan 24 21:57:52 GMT+03:00 2019","null"
"2","291","2","Thu Jan 24 21:57:54 GMT+03:00 2019","null"
"2","293","1","Thu Jan 24 21:57:54 GMT+03:00 2019","null"
"3","81","1","Thu Jan 24 21:57:54 GMT+03:00 2019","null"
"2","293","1","Thu Jan 24 21:57:54 GMT+03:00 2019","null"
"3","560","1","Thu Jan 24 21:57:54 GMT+03:00 2019","null"
"2","292","2","Thu Jan 24 21:57:55 GMT+03:00 2019","null"
"2","293","2","Thu Jan 24 21:57:57 GMT+03:00 2019","null"
"2","294","1","Thu Jan 24 21:58:00 GMT+03:00 2019","null"
"3","82","1","Thu Jan 24 21:58:00 GMT+03:00 2019","null"
"2","294","1","Thu Jan 24 21:58:01 GMT+03:00 2019","null"
"3","584","1","Thu Jan 24 21:58:01 GMT+03:00 2019","null"
"4","138","2","Thu Jan 24 21:58:03 GMT+03:00 2019","Bali"
"1","138","3","Thu Jan 24 21:58:04 GMT+03:00 2019","null"
"1","138","2","Thu Jan 24 21:58:04 GMT+03:00 2019","null"
"4","0","1","Thu Jan 24 21:58:10 GMT+03:00 2019","com.google.android.apps.photos"
"4","-1","1","Thu Jan 24 21:58:10 GMT+03:00 2019","com.google.android.apps.photos"
"4","-1","3","Thu Jan 24 21:59:32 GMT+03:00 2019","Bali"
"4","-1","3","Thu Jan 24 22:00:34 GMT+03:00 2019","Bali"
"4","-1","3","Thu Jan 24 22:02:12 GMT+03:00 2019","Bali"
"4","-1","3","Thu Jan 24 22:03:14 GMT+03:00 2019","Bali"
"4","-1","3","Thu Jan 24 22:05:32 GMT+03:00 2019","Bali"
"4","-1","3","Thu Jan 24 22:06:52 GMT+03:00 2019","Bali"
"4","-1","3","Thu Jan 24 22:08:25 GMT+03:00 2019","Bali"
"4","-1","3","Thu Jan 24 22:09:32 GMT+03:00 2019","Bali"
"4","-1","3","Thu Jan 24 22:10:33 GMT+03:00 2019","Bali"
"4","-1","3","Thu Jan 24 22:12:12 GMT+03:00 2019","Bali"
"4","-1","3","Thu Jan 24 22:13:13 GMT+03:00 2019","Bali"
"4","-1","3","Thu Jan 24 22:14:15 GMT+03:00 2019","Bali"
"4","-1","3","Thu Jan 24 22:15:32 GMT+03:00 2019","Bali"
"4","-1","3","Thu Jan 24 22:16:35 GMT+03:00 2019","Bali"
"4","-1","3","Thu Jan 24 22:18:12 GMT+03:00 2019","Bali"
"4","-1","3","Thu Jan 24 22:19:14 GMT+03:00 2019","Bali"
"4","-1","3","Thu Jan 24 22:20:52 GMT+03:00 2019","Bali"
"4","-1","3","Thu Jan 24 22:21:54 GMT+03:00 2019","Bali"
"4","-1","3","Thu Jan 24 22:24:13 GMT+03:00 2019","Bali"
"4","-1","3","Thu Jan 24 22:26:15 GMT+03:00 2019","Bali"
"4","-1","3","Thu Jan 24 22:32:33 GMT+03:00 2019","Bali"
"4","-1","3","Thu Jan 24 22:33:53 GMT+03:00 2019","Bali"
"4","-1","3","Thu Jan 24 22:35:32 GMT+03:00 2019","Bali"
"4","-1","3","Thu Jan 24 22:36:52 GMT+03:00 2019","Bali"
"4","-1","3","Thu Jan 24 22:37:54 GMT+03:00 2019","Bali"
"4","-1","3","Thu Jan 24 22:38:56 GMT+03:00 2019","Bali"
"4","-1","3","Thu Jan 24 22:40:25 GMT+03:00 2019","Bali"
"4","-1","3","Thu Jan 24 22:41:27 GMT+03:00 2019","Bali"
"4","-1","3","Thu Jan 24 22:43:05 GMT+03:00 2019","Bali"
"4","-1","3","Thu Jan 24 22:44:07 GMT+03:00 2019","Bali"
"4","-1","3","Thu Jan 24 22:57:15 GMT+03:00 2019","Bali"
"4","-1","3","Thu Jan 24 22:58:35 GMT+03:00 2019","Bali"
"4","-1","3","Thu Jan 24 22:59:38 GMT+03:00 2019","Bali"
"4","-1","3","Thu Jan 24 23:00:40 GMT+03:00 2019","Bali"
"4","-1","3","Thu Jan 24 23:01:42 GMT+03:00 2019","Bali"
"4","-1","3","Thu Jan 24 23:02:44 GMT+03:00 2019","Bali"
"4","-1","3","Thu Jan 24 23:03:46 GMT+03:00 2019","Bali"
"4","-1","3","Thu Jan 24 23:05:32 GMT+03:00 2019","Bali"
"4","-1","3","Thu Jan 24 23:06:52 GMT+03:00 2019","Bali"
"4","-1","3","Thu Jan 24 23:08:12 GMT+03:00 2019","Bali"
"4","-1","3","Thu Jan 24 23:09:15 GMT+03:00 2019","Bali"
"4","-1","3","Thu Jan 24 23:10:52 GMT+03:00 2019","Bali"
"4","-1","3","Thu Jan 24 23:11:54 GMT+03:00 2019","Bali"
"4","-1","3","Thu Jan 24 23:13:32 GMT+03:00 2019","Bali"
"4","-1","3","Thu Jan 24 23:14:34 GMT+03:00 2019","Bali"
"4","-1","3","Thu Jan 24 23:15:39 GMT+03:00 2019","Bali"
"4","-1","3","Thu Jan 24 23:16:42 GMT+03:00 2019","Bali"
"4","-1","3","Thu Jan 24 23:17:46 GMT+03:00 2019","Bali"
"4","-1","3","Thu Jan 24 23:19:22 GMT+03:00 2019","Bali"
"4","-1","3","Thu Jan 24 23:20:26 GMT+03:00 2019","Bali"
"4","-1","3","Thu Jan 24 23:22:02 GMT+03:00 2019","Bali"
"4","-1","3","Thu Jan 24 23:23:08 GMT+03:00 2019","Bali"
"4","-1","3","Thu Jan 24 23:24:42 GMT+03:00 2019","Bali"
"4","-1","3","Thu Jan 24 23:25:48 GMT+03:00 2019","Bali"
"4","-1","3","Thu Jan 24 23:27:22 GMT+03:00 2019","Bali"
"4","-1","3","Thu Jan 24 23:28:25 GMT+03:00 2019","Bali"
"4","-1","3","Thu Jan 24 23:30:02 GMT+03:00 2019","Bali"
"4","-1","3","Thu Jan 24 23:31:05 GMT+03:00 2019","Bali"
"4","-1","3","Thu Jan 24 23:32:42 GMT+03:00 2019","Bali"
"4","-1","3","Thu Jan 24 23:33:46 GMT+03:00 2019","Bali"
"4","-1","3","Thu Jan 24 23:34:57 GMT+03:00 2019","Bali"
"4","-1","3","Thu Jan 24 23:36:01 GMT+03:00 2019","Bali"
"4","-1","3","Thu Jan 24 23:37:40 GMT+03:00 2019","Bali"
"4","-1","3","Thu Jan 24 23:38:42 GMT+03:00 2019","Bali"
"4","-1","3","Thu Jan 24 23:40:32 GMT+03:00 2019","Bali"
"4","-1","3","Thu Jan 24 23:41:34 GMT+03:00 2019","Bali"
"2","294","2","Thu Jan 24 23:41:44 GMT+03:00 2019","null"
"4","-1","3","Thu Jan 24 23:45:04 GMT+03:00 2019","Bali"
"4","-1","3","Thu Jan 24 23:50:29 GMT+03:00 2019","Bali"
"4","-1","3","Thu Jan 24 23:51:49 GMT+03:00 2019","Bali"
"4","-1","3","Thu Jan 24 23:52:51 GMT+03:00 2019","Bali"
"4","-1","3","Thu Jan 24 23:54:29 GMT+03:00 2019","Bali"
"4","-1","3","Thu Jan 24 23:55:33 GMT+03:00 2019","Bali"
"4","-1","3","Thu Jan 24 23:57:09 GMT+03:00 2019","Bali"
"4","-1","3","Thu Jan 24 23:58:11 GMT+03:00 2019","Bali"
"4","-1","3","Thu Jan 24 23:59:15 GMT+03:00 2019","Bali"
"4","-1","3","Fri Jan 25 00:00:17 GMT+03:00 2019","Bali"
"4","-1","3","Fri Jan 25 00:01:19 GMT+03:00 2019","Bali"
"4","-1","3","Fri Jan 25 00:02:57 GMT+03:00 2019","Bali"
"4","-1","3","Fri Jan 25 00:03:59 GMT+03:00 2019","Bali"
"4","-1","3","Fri Jan 25 00:05:01 GMT+03:00 2019","Bali"
"4","-1","3","Fri Jan 25 00:06:03 GMT+03:00 2019","Bali"
"4","-1","3","Fri Jan 25 00:07:05 GMT+03:00 2019","Bali"
"4","-1","3","Fri Jan 25 00:08:07 GMT+03:00 2019","Bali"
"4","-1","3","Fri Jan 25 00:09:45 GMT+03:00 2019","Bali"
"4","-1","3","Fri Jan 25 00:10:47 GMT+03:00 2019","Bali"
"4","-1","3","Fri Jan 25 00:12:25 GMT+03:00 2019","Bali"
"4","-1","3","Fri Jan 25 00:13:27 GMT+03:00 2019","Bali"
"4","-1","3","Fri Jan 25 00:15:05 GMT+03:00 2019","Bali"
"4","-1","3","Fri Jan 25 00:16:13 GMT+03:00 2019","Bali"
"4","-1","3","Fri Jan 25 00:17:45 GMT+03:00 2019","Bali"
"4","-1","3","Sat Jan 01 04:06:06 GMT+03:00 2000","Bali"
"4","-1","3","Sat Jan 01 04:06:06 GMT+03:00 2000","Bali"
"4","-1","3","Sat Jan 01 04:07:53 GMT+03:00 2000","Bali"
"4","-1","3","Sat Jan 01 04:15:28 GMT+03:00 2000","Bali"
"4","-1","3","Sat Jan 01 04:15:28 GMT+03:00 2000","Bali"
"4","-1","3","Sat Jan 01 04:15:28 GMT+03:00 2000","Bali"
"4","-1","3","Sat Jan 01 04:15:28 GMT+03:00 2000","Bali"
"4","-1","3","Sat Jan 01 04:15:28 GMT+03:00 2000","Bali"
"4","-1","3","Sat Jan 01 04:15:28 GMT+03:00 2000","Bali"
"4","-1","3","Sat Jan 01 04:15:28 GMT+03:00 2000","Bali"
"4","-1","3","Sat Jan 01 04:21:36 GMT+03:00 2000","Bali"
"4","-1","3","Sat Jan 01 04:21:36 GMT+03:00 2000","Bali"
"4","-1","3","Sat Jan 01 04:21:36 GMT+03:00 2000","Bali"
"4","-1","3","Sat Jan 01 04:21:36 GMT+03:00 2000","Bali"
"4","-1","3","Sat Jan 01 04:21:36 GMT+03:00 2000","Bali"
"4","-1","3","Sat Jan 01 04:21:36 GMT+03:00 2000","Bali"
"4","-1","3","Sat Jan 01 04:22:37 GMT+03:00 2000","Bali"
"4","-1","3","Sat Jan 01 04:23:39 GMT+03:00 2000","Bali"
"4","-1","3","Sat Jan 01 04:24:47 GMT+03:00 2000","Bali"
"4","-1","3","Sat Jan 01 04:26:13 GMT+03:00 2000","Bali"
"4","-1","3","Sat Jan 01 04:27:14 GMT+03:00 2000","Bali"
"4","-1","3","Sat Jan 01 04:30:38 GMT+03:00 2000","Bali"
"4","-1","3","Sat Jan 01 04:30:38 GMT+03:00 2000","Bali"
"4","-1","3","Sat Jan 01 04:30:38 GMT+03:00 2000","Bali"
"4","-1","3","Sat Jan 01 04:32:51 GMT+03:00 2000","Bali"
"4","-1","3","Sat Jan 01 04:32:51 GMT+03:00 2000","Bali"
"4","-1","3","Sat Jan 01 04:46:44 GMT+03:00 2000","Bali"
"4","-1","3","Sat Jan 01 04:46:44 GMT+03:00 2000","Bali"
"4","-1","3","Sat Jan 01 04:46:44 GMT+03:00 2000","Bali"
"4","-1","3","Sat Jan 01 04:46:44 GMT+03:00 2000","Bali"
"4","-1","3","Sat Jan 01 04:46:44 GMT+03:00 2000","Bali"
"4","-1","3","Sat Jan 01 04:46:44 GMT+03:00 2000","Bali"
"4","-1","3","Sat Jan 01 04:46:44 GMT+03:00 2000","Bali"
"4","-1","3","Sat Jan 01 04:46:44 GMT+03:00 2000","Bali"
"4","-1","3","Sat Jan 01 04:46:44 GMT+03:00 2000","Bali"
"4","-1","3","Sat Jan 01 04:46:44 GMT+03:00 2000","Bali"
"4","-1","3","Sat Jan 01 04:46:44 GMT+03:00 2000","Bali"
"4","-1","3","Sat Jan 01 04:46:44 GMT+03:00 2000","Bali"
"4","-1","3","Sat Jan 01 04:46:44 GMT+03:00 2000","Bali"
"4","-1","3","Sat Jan 01 04:47:48 GMT+03:00 2000","Bali"
"4","-1","3","Sat Jan 01 04:48:58 GMT+03:00 2000","Bali"
"4","-1","3","Sat Jan 01 04:50:11 GMT+03:00 2000","Bali"
"4","-1","3","Sat Jan 01 04:51:13 GMT+03:00 2000","Bali"
"4","-1","3","Sat Jan 01 04:52:51 GMT+03:00 2000","Bali"
"4","-1","3","Sat Jan 01 04:54:03 GMT+03:00 2000","Bali"
"4","-1","3","Sat Jan 01 04:55:23 GMT+03:00 2000","Bali"
"4","-1","3","Sat Jan 01 04:56:32 GMT+03:00 2000","Bali"
"4","-1","3","Sat Jan 01 04:58:03 GMT+03:00 2000","Bali"
"4","-1","3","Sat Jan 01 04:59:07 GMT+03:00 2000","Bali"
"4","-1","3","Sat Jan 01 05:00:11 GMT+03:00 2000","Bali"
"4","-1","3","Sat Jan 01 05:01:36 GMT+03:00 2000","Bali"
"4","-1","3","Sat Jan 01 05:02:39 GMT+03:00 2000","Bali"
"4","-1","3","Sat Jan 01 05:04:16 GMT+03:00 2000","Bali"
"4","-1","3","Sat Jan 01 05:05:20 GMT+03:00 2000","Bali"
"4","-1","3","Sat Jan 01 05:06:25 GMT+03:00 2000","Bali"
"4","-1","3","Sun Jan 02 05:31:52 GMT+03:00 2000","Bali"
"4","-1","3","Sun Jan 02 05:32:55 GMT+03:00 2000","Bali"
"4","-1","3","Sun Jan 02 05:34:15 GMT+03:00 2000","Bali"
"4","-1","3","Sun Jan 02 05:35:19 GMT+03:00 2000","Bali"
"4","-1","3","Sun Jan 02 05:36:55 GMT+03:00 2000","Bali"
"4","-1","3","Sun Jan 02 05:38:00 GMT+03:00 2000","Bali"
"4","-1","3","Sun Jan 02 05:39:05 GMT+03:00 2000","Bali"
"4","-1","3","Sun Jan 02 05:40:09 GMT+03:00 2000","Bali"
"4","-1","3","Sun Jan 02 05:41:13 GMT+03:00 2000","Bali"
"4","-1","3","Sun Jan 02 05:42:49 GMT+03:00 2000","Bali"
"4","-1","3","Sun Jan 02 05:43:54 GMT+03:00 2000","Bali"
"4","-1","3","Sun Jan 02 05:44:59 GMT+03:00 2000","Bali"
"4","-1","3","Sun Jan 02 05:46:19 GMT+03:00 2000","Bali"
"4","-1","3","Sun Jan 02 05:47:23 GMT+03:00 2000","Bali"
"4","-1","3","Sun Jan 02 05:48:59 GMT+03:00 2000","Bali"
"4","-1","3","Sun Jan 02 05:50:11 GMT+03:00 2000","Bali"
"4","-1","3","Sun Jan 02 05:51:31 GMT+03:00 2000","Bali"
"4","-1","3","Sun Jan 02 05:52:34 GMT+03:00 2000","Bali"
"4","-1","3","Sun Jan 02 05:54:11 GMT+03:00 2000","Bali"
"4","-1","3","Sun Jan 02 05:55:15 GMT+03:00 2000","Bali"
"4","-1","3","Sun Jan 02 05:56:51 GMT+03:00 2000","Bali"
"4","-1","3","Sun Jan 02 05:58:11 GMT+03:00 2000","Bali"
"4","-1","3","Sun Jan 02 05:59:31 GMT+03:00 2000","Bali"
"4","-1","3","Sun Jan 02 06:00:38 GMT+03:00 2000","Bali"
"4","-1","3","Sun Jan 02 06:02:53 GMT+03:00 2000","Bali"
"4","-1","3","Sun Jan 02 06:04:16 GMT+03:00 2000","Bali"
"4","-1","3","Sun Jan 02 06:05:30 GMT+03:00 2000","Bali"
"4","-1","3","Sun Jan 02 06:06:56 GMT+03:00 2000","Bali"
"4","-1","3","Sun Jan 02 06:08:01 GMT+03:00 2000","Bali"
"4","-1","3","Sun Jan 02 06:09:05 GMT+03:00 2000","Bali"
"4","-1","3","Sun Jan 02 06:10:09 GMT+03:00 2000","Bali"
"4","-1","3","Sun Jan 02 06:11:14 GMT+03:00 2000","Bali"
"4","-1","3","Sun Jan 02 06:12:49 GMT+03:00 2000","Bali"
"4","-1","3","Sun Jan 02 06:13:53 GMT+03:00 2000","Bali"
"4","-1","3","Sun Jan 02 06:15:13 GMT+03:00 2000","Bali"
"4","-1","3","Sun Jan 02 06:16:16 GMT+03:00 2000","Bali"
"4","-1","3","Sun Jan 02 06:17:20 GMT+03:00 2000","Bali"
"4","-1","3","Sun Jan 02 06:18:23 GMT+03:00 2000","Bali"
"4","-1","3","Sun Jan 02 06:19:28 GMT+03:00 2000","Bali"
"4","-1","3","Mon Jan 03 06:10:59 GMT+03:00 2000","Bali"
"4","-1","3","Mon Jan 03 06:12:01 GMT+03:00 2000","Bali"
"4","-1","3","Mon Jan 03 06:13:02 GMT+03:00 2000","Bali"
"4","-1","3","Mon Jan 03 06:14:06 GMT+03:00 2000","Bali"
"4","-1","3","Mon Jan 03 06:18:06 GMT+03:00 2000","Bali"
"4","-1","3","Mon Jan 03 06:19:21 GMT+03:00 2000","Bali"
"4","-1","3","Mon Jan 03 06:20:29 GMT+03:00 2000","Bali"
"4","-1","3","Mon Jan 03 06:22:01 GMT+03:00 2000","Bali"
"4","-1","3","Mon Jan 03 06:23:07 GMT+03:00 2000","Bali"
"4","-1","3","Mon Jan 03 06:24:27 GMT+03:00 2000","Bali"
"4","-1","3","Mon Jan 03 06:25:36 GMT+03:00 2000","Bali"
"4","-1","3","Mon Jan 03 06:27:07 GMT+03:00 2000","Bali"
"4","-1","3","Mon Jan 03 06:28:12 GMT+03:00 2000","Bali"
"4","-1","3","Mon Jan 03 06:29:16 GMT+03:00 2000","Bali"
"4","-1","3","Mon Jan 03 06:30:37 GMT+03:00 2000","Bali"
"4","-1","3","Mon Jan 03 06:31:42 GMT+03:00 2000","Bali"
"4","-1","3","Mon Jan 03 06:33:16 GMT+03:00 2000","Bali"
"4","-1","3","Mon Jan 03 06:34:35 GMT+03:00 2000","Bali"
"4","-1","3","Mon Jan 03 06:35:55 GMT+03:00 2000","Bali"
"4","-1","3","Mon Jan 03 06:37:04 GMT+03:00 2000","Bali"
"4","-1","3","Mon Jan 03 06:38:10 GMT+03:00 2000","Bali"
"4","-1","3","Mon Jan 03 06:39:41 GMT+03:00 2000","Bali"
"4","-1","3","Mon Jan 03 06:40:49 GMT+03:00 2000","Bali"
"4","-1","3","Mon Jan 03 06:41:53 GMT+03:00 2000","Bali"
"4","-1","3","Mon Jan 03 06:43:07 GMT+03:00 2000","Bali"
"4","-1","3","Mon Jan 03 06:44:26 GMT+03:00 2000","Bali"
"4","-1","3","Mon Jan 03 06:45:35 GMT+03:00 2000","Bali"
"4","-1","3","Mon Jan 03 06:47:12 GMT+03:00 2000","Bali"
"4","-1","3","Mon Jan 03 06:48:19 GMT+03:00 2000","Bali"
"4","-1","3","Mon Jan 03 06:49:52 GMT+03:00 2000","Bali"
"4","-1","3","Mon Jan 03 06:51:01 GMT+03:00 2000","Bali"
"4","-1","3","Mon Jan 03 06:52:32 GMT+03:00 2000","Bali"
"4","-1","3","Mon Jan 03 06:53:40 GMT+03:00 2000","Bali"
"4","-1","3","Mon Jan 03 06:54:45 GMT+03:00 2000","Bali"
"4","-1","3","Mon Jan 03 06:55:49 GMT+03:00 2000","Bali"
"4","-1","3","Mon Jan 03 06:56:56 GMT+03:00 2000","Bali"
"4","-1","3","Mon Jan 03 06:58:07 GMT+03:00 2000","Bali"
"4","-1","3","Mon Jan 03 06:59:27 GMT+03:00 2000","Bali"
"4","-1","3","Mon Jan 03 07:00:31 GMT+03:00 2000","Bali"
"4","-1","3","Mon Jan 03 07:01:37 GMT+03:00 2000","Bali"
"4","-1","3","Mon Jan 03 07:02:44 GMT+03:00 2000","Bali"
"4","-1","3","Mon Jan 03 07:03:51 GMT+03:00 2000","Bali"
"4","-1","3","Mon Jan 03 07:05:06 GMT+03:00 2000","Bali"
"4","-1","3","Thu Jan 31 22:14:17 GMT+03:00 2019","Bali"
"4","-1","3","Thu Jan 31 22:15:37 GMT+03:00 2019","Bali"
"4","-1","3","Thu Jan 31 22:17:03 GMT+03:00 2019","Bali"
"4","-1","3","Thu Jan 31 22:18:17 GMT+03:00 2019","Bali"
"4","-1","3","Thu Jan 31 22:20:02 GMT+03:00 2019","Bali"
"4","-1","3","Thu Jan 31 22:21:04 GMT+03:00 2019","Bali"
"4","-1","3","Thu Jan 31 22:22:07 GMT+03:00 2019","Bali"
"4","-1","3","Thu Jan 31 22:23:44 GMT+03:00 2019","Bali"
"4","-1","3","Thu Jan 31 22:24:46 GMT+03:00 2019","Bali"
"4","-1","3","Thu Jan 31 22:25:48 GMT+03:00 2019","Bali"
"4","-1","3","Thu Jan 31 22:27:00 GMT+03:00 2019","Bali"
"4","-1","3","Thu Jan 31 22:28:45 GMT+03:00 2019","Bali"
"4","-1","3","Thu Jan 31 22:29:48 GMT+03:00 2019","Bali"
"4","-1","3","Thu Jan 31 22:30:50 GMT+03:00 2019","Bali"
"4","-1","3","Thu Jan 31 22:32:28 GMT+03:00 2019","Bali"
"4","-1","3","Thu Jan 31 22:33:30 GMT+03:00 2019","Bali"
"4","-1","3","Thu Jan 31 22:35:08 GMT+03:00 2019","Bali"
"4","-1","3","Thu Jan 31 22:36:10 GMT+03:00 2019","Bali"
"4","-1","3","Thu Jan 31 22:37:48 GMT+03:00 2019","Bali"
"4","-1","3","Thu Jan 31 22:38:50 GMT+03:00 2019","Bali"
"4","-1","3","Thu Jan 31 22:40:28 GMT+03:00 2019","Bali"
"4","-1","3","Thu Jan 31 22:41:30 GMT+03:00 2019","Bali"
"4","-1","3","Thu Jan 31 22:43:08 GMT+03:00 2019","Bali"
"4","-1","3","Thu Jan 31 22:44:10 GMT+03:00 2019","Bali"
"4","-1","3","Thu Jan 31 22:45:12 GMT+03:00 2019","Bali"
"4","-1","3","Thu Jan 31 22:46:14 GMT+03:00 2019","Bali"
"4","-1","3","Thu Jan 31 22:47:14 GMT+03:00 2019","Bali"
"4","-1","3","Thu Jan 31 22:48:19 GMT+03:00 2019","Bali"
"4","-1","3","Thu Jan 31 22:49:54 GMT+03:00 2019","Bali"
"4","-1","3","Thu Jan 31 22:50:56 GMT+03:00 2019","Bali"
"4","-1","3","Thu Jan 31 22:52:34 GMT+03:00 2019","Bali"
"4","-1","3","Thu Jan 31 22:53:37 GMT+03:00 2019","Bali"
"4","-1","3","Thu Jan 31 22:54:47 GMT+03:00 2019","Bali"
"4","-1","3","Thu Jan 31 22:57:12 GMT+03:00 2019","Bali"
"4","-1","3","Thu Jan 31 22:58:41 GMT+03:00 2019","Bali"
"4","-1","3","Thu Jan 31 22:59:44 GMT+03:00 2019","Bali"
